"","GEOID","Goal3.4.1.1","Goal3.4.1.2","Goal3.4.1.3","Goal2.2","Goal3.5.1.3","Goal2.1","Goal5.1","Goal10.2","Goal10.3","Goal.341","Goal.2","Goal.3","Goal.5","Goal.10","Culture"
"1","42003010300",87.7777777777778,93.4673366834171,86.9565217391304,65.3125,13.8755980861244,60.7438016528926,47.06222808586,25.4127568661829,81.7158802601159,89.4005454001084,63.0281508264463,51.6380717431164,47.06222808586,53.5643185631494,53.823192304643
"2","42003020100",58.8888888888889,85.427135678392,80,82.1875,22.4880382775119,92.9752066115702,9.92094766181401,29.4631370218142,99.2873028487684,74.7720081890936,87.5813533057851,48.6300232333028,9.92094766181401,64.3752199352913,52.6268860340483
"3","42003020300",57.7777777777778,91.9597989949749,87.3913043478261,84.375,14.8325358851675,94.6280991735537,54.6888007264051,47.6704622769124,92.3285689900179,79.0429603735262,89.5015495867769,46.9377481293469,54.6888007264051,69.9995156334651,65.2819035189985
"4","42003030500",33.3333333333333,58.7939698492462,19.5652173913043,22.8125,85.6459330143541,34.297520661157,85.5172776821056,15.360850108716,10.3169931564159,37.2308401912946,28.5550103305785,61.4383866028244,85.5172776821056,12.838921632566,47.0873990620186
"5","42003040200",73.3333333333333,85.929648241206,73.0434782608696,65.625,48.8038277511962,34.297520661157,0.279789169212796,11.7178115991284,51.2697437194852,77.435486611803,49.9612603305785,63.1196571814996,0.279789169212796,31.4937776593068,36.2136210851494
"6","42003040400",37.7777777777778,73.3668341708543,76.0869565217391,98.75,60.7655502392344,100,0,14.3528749528318,83.503134533371,62.4105228234571,99.375,61.5880365313458,0,48.9280047431014,52.4727603186118
"7","42003040500",90,92.964824120603,91.7391304347826,78.125,39.7129186602871,95.8677685950413,100,25.4644124731259,91.6666222859252,91.5679848517952,86.9963842975207,65.6404517560411,100,58.5655173795255,77.8005883582718
"8","42003040600",85.5555555555556,91.4572864321608,90.8695652173913,81.5625,28.2296650717703,96.6942148760331,84.6056916316838,21.9403790993713,95.9390549769676,89.2941357350359,89.1283574380165,58.7619004034031,84.6056916316838,58.9397170381695,72.8589166278182
"9","42003040900",63.3333333333333,79.8994974874372,70,65.3125,42.5837320574163,83.0578512396694,100,17.7017674037873,85.1043739964588,71.0776102735902,74.1851756198347,56.8306711655032,100,51.403070700123,70.6047293713652
"10","42003050100",30,51.7587939698492,4.78260869565217,9.99999999999999,92.3444976076555,17.3553719008264,100,22.4192857702467,8.42401050345942,28.8471342218338,13.6776859504132,60.5958159147447,100,15.421648136853,47.4237875005027
"11","42003050600",18.8888888888889,61.8090452261307,35.6521739130435,42.5,81.8181818181818,62.8099173553719,,21.1801224918399,22.5452589436502,38.7833693426877,52.6549586776859,60.3007755804348,,21.862690717745,44.9394749919552
"12","42003050900",44.4444444444444,51.7587939698492,6.52173913043478,0.312499999999982,98.5645933014354,16.9421487603306,100,26.7881184086398,2.96405226068516,34.2416591815762,8.62732438016528,66.4031262415058,100,14.8760853346625,47.4766339890834
"13","42003051000",72.2222222222222,80.4020100502512,59.1304347826087,50,45.933014354067,43.3884297520661,100,13.6537945762208,54.5294628346331,70.5848890183607,46.6942148760331,58.2589516862138,100,34.0916287054269,59.7611988169185
"14","42003051100",70,82.4120603015075,51.7391304347826,24.6875,69.8564593301436,7.85123966942148,,41.9940731480735,,68.0503969120967,16.2693698347107,68.9534281211201,,41.9940731480735,42.4056237013015
"15","42003060300",42.2222222222222,78.391959798995,71.304347826087,65,35.8851674641148,75.6198347107438,72.3083285970613,29.3330667112541,99.9473780936407,63.9728432824347,70.3099173553719,49.9290053732748,72.3083285970613,64.6402224024474,64.2968684320388
"16","42003060500",33.3333333333333,72.3618090452261,67.3913043478261,62.8125,43.0622009569378,80.1652892561983,100,28.4687538287355,86.4449873802649,57.6954822421285,71.4888946280992,50.3788415995332,100,57.4568706045002,69.8311517080331
"17","42003070300",50,86.4321608040201,85.2173913043478,94.375,22.4880382775119,97.1074380165289,93.6585098586634,32.7981559273931,92.0882846232589,73.8831840361226,95.7412190082645,48.1856111568173,93.6585098586634,62.443220275326,75.0071400747678
"18","42003070500",73.3333333333333,94.4723618090452,92.1739130434783,92.5,18.1818181818182,95.0413223140496,96.0908251045632,27.905734053202,92.3848696051273,86.6598693952856,93.7706611570248,52.4208437885519,96.0908251045632,60.1453018291647,75.6069079698261
"19","42003070600",56.6666666666667,89.9497487437186,88.2608695652174,92.8125,21.0526315789474,97.5206611570248,69.2789388760038,33.4781827030273,99.9271663855984,78.2924283252009,95.1665805785124,49.6725299520741,69.2789388760038,66.7026745443128,70.2051809877258
"20","42003070800",58.8888888888889,88.9447236180904,86.0869565217391,88.75,30.1435406698565,100,78.5651614683213,33.0907369349892,92.6190807214847,77.9735230095728,94.375,54.0585318397146,78.5651614683213,62.8549088282369,72.4634005340682
"21","42003070900",61.1111111111111,85.929648241206,82.6086956521739,91.25,45.4545454545454,96.6942148760331,100,11.0623665343628,68.9014093474938,76.5498183348303,93.9721074380165,61.0021818946879,100,39.9818879409283,73.7390443184082
"22","42003080200",35.5555555555556,76.3819095477387,73.9130434782609,72.1875,33.4928229665072,74.7933884297521,80.5042395447482,31.5121554810868,79.5314154887845,61.950169527185,73.490444214876,47.7214962468461,80.5042395447482,55.5217854849357,64.3094913728515
"23","42003080400",62.2222222222222,86.4321608040201,82.1739130434783,79.375,29.6650717703349,19.8347107438017,100,25.8455833998011,94.1396198445808,76.9427653565735,49.6048553719008,53.3039185634542,100,59.992601622191,65.7253438893865
"24","42003080600",56.6666666666667,88.4422110552764,84.7826086956522,83.125,14.8325358851675,45.8677685950413,85.3981822511307,33.12460843745,87.4538834785388,76.6304954725317,64.4963842975207,45.7315156788496,85.3981822511307,60.2892459579944,63.9788320463738
"25","42003080700",63.3333333333333,88.9447236180904,81.304347826087,78.125,31.5789473684211,1.2396694214876,100,35.7940068650307,82.912983281198,77.8608015925036,39.6823347107438,54.7198744804623,100,59.3534950731144,63.4389260660801
"26","42003080900",47.7777777777778,83.9195979899498,80.4347826086957,79.375,28.7081339712919,11.1570247933884,54.1591437151595,43.0144954403164,95.7970587230581,70.7107194588077,45.2660123966942,49.7094267150498,54.1591437151595,69.4057770816873,54.6350899771477
"27","42003090100",34.4444444444445,78.391959798995,75.2173913043478,73.4375,33.9712918660287,3.30578512396694,90.0228988175384,33.8792658327348,79.5614873566698,62.6845985159291,38.3716425619835,48.3279451909789,90.0228988175384,56.7203765947023,58.3607157913008
"28","42003090200",14.4444444444444,68.8442211055276,66.9565217391304,73.4375,51.1961722488038,81.404958677686,78.6705266448717,36.8117729955458,90.5427769938634,50.0817290963675,77.421229338843,50.6389506725857,78.6705266448717,63.6772749947046,67.6019954127512
"29","42003090300",38.8888888888889,73.8693467336683,67.8260869565217,65,44.9760765550239,88.4297520661157,92.4476624017632,39.8125287728223,100,60.1947741930263,76.7148760330578,52.5854253740251,92.4476624017632,69.9062643864111,72.9135570488143
"30","42003100500",26.6666666666667,69.3467336683417,43.4782608695652,43.125,71.2918660287081,70.6611570247934,94.3904999842673,30.9084304187191,38.429560915999,46.4972204015245,56.8930785123967,58.8945432151163,94.3904999842673,34.6689956673591,61.2117793447849
"31","42003101100",46.6666666666667,80.9045226130653,75.2173913043478,66.25,33.4928229665072,8.67768595041323,86.8958438719891,36.0483704334634,99.1312309532722,67.5961935280266,37.4638429752066,50.5445082472669,86.8958438719891,67.5898006933678,60.6234989469576
"32","42003101400",31.1111111111111,76.3819095477387,71.304347826087,68.125,43.0622009569378,4.54545454545454,86.6945479656658,39.420502599707,91.4670172896769,59.5991228283122,36.3352272727273,51.330661892625,86.6945479656658,65.4437599446919,59.9510492689275
"33","42003101600",50,66.3316582914573,25.6521739130435,8.43749999999999,84.688995215311,18.1818181818182,64.7057788968282,20.3121129914134,8.63347235436235,47.3279440681669,13.3096590909091,66.008469641739,64.7057788968282,14.4727926728879,39.624175075591
"34","42003101700",42.2222222222222,67.8391959798995,35.6521739130435,26.5625,79.4258373205742,52.4793388429752,100,30.8492483771844,36.5461646915616,48.5711973717217,39.5209194214876,63.9985173461479,100,33.697706534373,59.3042858255021
"35","42003101800",23.3333333333333,74.8743718592965,68.2608695652174,68.75,44.9760765550239,69.0082644628099,80.7938889540509,36.2464267050665,91.7501312264745,55.4895249192824,68.879132231405,50.2328007371532,80.7938889540509,63.9982789657705,65.9760252220949
"36","42003110200",45.5555555555556,80.4020100502512,69.5652173913043,61.875,44.9760765550239,92.9752066115702,75.5337150572172,31.0153926169654,77.6683901401131,65.174260999037,77.4251033057851,55.0751687770305,75.5337150572172,54.3418913785393,65.593969629643
"37","42003110600",33.3333333333333,77.8894472361809,69.5652173913043,68.125,49.7607655502392,1.2396694214876,73.3641984553764,28.3167213144058,98.0243921018937,60.2626659869395,34.6823347107438,55.0117157685894,73.3641984553764,63.1705567081498,56.5572014107148
"38","42003111300",44.4444444444444,77.8894472361809,55.6521739130435,47.1875,61.7224880382775,58.6776859504132,100,22.9538888263699,53.2564702001193,59.3286885312229,52.9325929752066,60.5255882847502,100,38.1051795132446,62.8908401933003
"39","42003111400",44.4444444444444,71.356783919598,38.695652173913,30.3125,70.3349282296651,37.1900826446281,63.583556524727,19.9744269697352,24.5508373354746,51.4989601793185,33.751291322314,60.9169442044918,63.583556524727,22.2626321526049,45.1286060510344
"40","42003111500",38.8888888888889,66.3316582914573,36.0869565217391,35.625,76.555023923445,44.2148760330578,98.678053060932,29.7011533120615,33.3530676471505,47.1025012340284,39.9199380165289,61.8287625787367,98.678053060932,31.527110479606,57.9884660339509
"41","42003120300",34.4444444444445,59.2964824120603,14.3478260869565,11.25,91.3875598086124,43.801652892562,100,33.1176684573441,13.2376102040151,36.0295843144871,27.525826446281,63.7085720615498,100,23.1776393306796,53.6030094596276
"42","42003120400",35.5555555555556,50.7537688442211,0,0,95.6937799043062,27.6859504132231,,21.8505919462202,5.01842558981166,28.7697747999256,13.8429752066116,62.2317773521159,,13.4345087680159,29.8364204422478
"43","42003120700",24.4444444444444,54.7738693467337,11.3043478260869,19.0625,92.3444976076555,30.1652892561983,98.2267722276118,45.2928854067411,0,30.1742205390884,24.6138946280992,61.2593590733719,98.2267722276118,22.6464427033705,51.6866171581134
"44","42003120800",20,37.1859296482412,0.434782608695639,13.125,97.1291866028708,26.8595041322314,,20.1992095211184,25.8776352187458,19.2069040856456,19.9922520661157,58.1680453442582,,23.0384223699321,33.7329065934353
"45","42003130100",43.3333333333333,56.7839195979899,13.0434782608696,5.31249999999999,91.3875598086124,16.1157024793388,100,30.766353514755,2.13844458279268,37.7202437307309,10.7141012396694,64.5539017696717,100,16.4523990487738,47.9301005145287
"46","42003130200",43.3333333333333,64.8241206030151,23.0434782608696,15,84.2105263157895,35.1239669421488,87.7837098293846,19.7448647540836,5.02819250090251,43.7336440657393,25.0619834710744,63.9720851907644,87.7837098293846,12.386528627493,47.3010767796791
"47","42003130300",23.3333333333333,54.2713567839196,11.3043478260869,18.75,92.3444976076555,29.3388429752066,100,26.741588615478,3.18806128648154,29.6363459811133,24.0444214876033,60.9904217943844,100,14.9648249509798,49.9999170582419
"48","42003130400",40,58.7939698492462,16.0869565217391,11.5625,90.9090909090909,35.5371900826446,,25.4355074522879,5.38477977670324,38.2936421236618,23.5498450413223,64.6013665163763,,15.4101436144956,34.5204517240647
"49","42003130600",40,61.3065326633166,21.304347826087,15.9375,88.0382775119617,23.1404958677686,100,18.9484222458146,6.32039511317023,40.8702934964678,19.5389979338843,64.4542855042148,100,12.6344086794924,49.1569230293979
"50","42003140100",70,89.9497487437186,89.1304347826087,100,21.0526315789474,66.1157024793389,54.7725463331041,50.0158627295497,82.8184226714856,83.0267278421091,83.0578512396694,52.0396797105282,54.7725463331041,66.4171427005176,64.0718049959548
"51","42003140200",56.6666666666667,86.9346733668342,84.3478260869565,93.125,38.2775119617225,45.4545454545455,6.85319117256411,25.8548844416975,99.7342846933488,75.9830553734858,69.2897727272727,57.1302836676041,6.85319117256411,62.7945845675231,49.016958033741
"52","42003140300",30,82.9145728643216,81.304347826087,89.6875,33.9712918660287,93.3884297520661,52.9038117981215,45.8068806491106,97.7584929310808,64.7396402301362,91.5379648760331,49.3554660480824,52.9038117981215,71.7826867900957,66.3949823780832
"53","42003140400",22.2222222222222,80.9045226130653,77.8260869565217,84.6875,42.1052631578947,95.4545454545455,39.4452333247091,51.3545572204005,95.04190067594,60.3176105972698,90.0710227272727,51.2114368775822,39.4452333247091,73.1982289481703,63.4814804694336
"54","42003140500",43.3333333333333,81.9095477386935,62.6086956521739,59.0625,52.1531100478469,89.6694214876033,68.2215575609798,40.6118851158588,68.5225319928602,62.6171922414002,74.3659607438017,57.3851511446236,68.2215575609798,54.5672085543595,63.6349695009411
"55","42003140600",32.2222222222222,80.9045226130653,75.6521739130435,75.9375,41.1483253588517,30.9917355371901,61.3209201135459,37.4486102850893,92.3092828305171,62.9263062494437,53.464617768595,52.0373158041477,61.3209201135459,64.8789465578032,57.925450061023
"56","42003140800",41.1111111111111,83.9195979899498,80.8695652173913,86.875,34.9282296650718,3.71900826446281,29.7373863852253,30.8027678985537,97.1220092297415,68.6334247728174,45.2970041322314,51.7808272189446,29.7373863852253,63.9623885641476,47.6944015751372
"57","42003141000",30,83.9195979899498,80.8695652173913,85,29.6650717703349,67.3553719008264,39.7130897956621,44.0411338433778,79.2321772884101,64.9297210691137,76.1776859504132,47.2973964197243,39.7130897956621,61.6366555658939,56.2062069329234
"58","42003141100",18.8888888888889,73.8693467336683,70.8695652173913,74.6875,44.4976076555024,0.826446280991733,51.2026626579755,41.0951773952311,87.4275694478699,54.5426002799828,37.7569731404959,49.5201039677426,51.2026626579755,64.2613734215505,50.6852782969411
"59","42003141300",36.6666666666667,78.894472361809,76.9565217391304,86.25,44.0191387559809,13.2231404958678,58.3634703937652,28.3689930364546,80.7825395042193,64.1725535892021,49.7365702479339,54.0958461725915,58.3634703937652,54.5757662703369,54.1929132711569
"60","42003141400",21.1111111111111,76.3819095477387,75.6521739130435,85.3125,45.4545454545454,33.8842975206612,48.2441176449766,29.6438341913141,99.3034796278852,57.7150648572978,59.5983987603306,51.5848051559216,48.2441176449766,64.4736569095996,55.9752446177071
"61","42003151600",30,77.3869346733668,75.2173913043478,75.3125,31.1004784688995,9.91735537190083,66.1234250429673,46.6357834474759,86.3174296892306,60.8681086592382,42.6149276859504,45.9842935640689,66.1234250429673,66.4766065683532,55.299813215335
"62","42003151700",35.5555555555556,80.4020100502512,76.9565217391304,78.4375,32.0574162679426,8.26446280991735,100,37.8125672993094,85.7133989400428,64.3046957816457,43.3509814049587,48.1810560247942,100,61.7629831196761,63.3237551373572
"63","42003160800",46.6666666666667,77.8894472361809,74.3478260869565,67.8125,29.6650717703349,70.2479338842975,100,28.1034418861921,93.7468912266743,66.3013133299347,69.0302169421488,47.9831925501348,100,60.9251665564332,69.4846440121792
"64","42003160900",52.2222222222222,82.9145728643216,80.8695652173913,78.125,24.8803827751196,78.9256198347107,66.1283850163628,28.7324006564917,86.8778780581769,72.0021201013117,78.5253099173554,48.4412514382157,66.1283850163628,57.8051393573343,62.725021432317
"65","42003170200",58.8888888888889,85.929648241206,85.2173913043478,80.625,14.8325358851675,2.06611570247934,92.2275187929007,29.3327833255558,84.5206715120942,76.6786428114809,41.3455578512397,45.7555893483242,92.2275187929007,56.926727418825,59.0638483528224
"66","42003170600",46.6666666666667,78.391959798995,75.6521739130435,71.875,23.444976076555,76.8595041322314,73.3140305679181,29.4434256746351,83.2738826910284,66.903600126235,74.3672520661157,45.174288101395,73.3140305679181,56.3586541828318,62.3035562295652
"67","42003180300",44.4444444444444,68.3417085427136,52.6086956521739,37.5,59.8086124401914,22.7272727272727,56.028517324703,33.1796131329412,55.6421692559447,55.1316162131106,30.1136363636364,57.470114326651,56.028517324703,44.410891194443,47.0057898023583
"68","42003180700",51.1111111111111,78.894472361809,73.4782608695652,62.1875,31.1004784688995,71.0743801652893,100,34.2877725274646,91.6642105694052,67.8279481141618,66.6309400826446,49.4642132915307,100,62.9759915484349,69.7677862306525
"69","42003190300",32.2222222222222,77.8894472361809,76.0869565217391,79.6875,30.1435406698565,30.5785123966942,78.0636710086764,38.9287486629328,82.8410898895713,62.0662086600474,55.1330061983471,46.1048746649519,78.0636710086764,60.884919276252,60.0466177870569
"70","42003191100",31.1111111111111,75.8793969849246,73.4782608695652,75,33.0143540669857,12.8099173553719,66.8822268400025,34.7918883886848,83.734878402315,60.156256321867,43.904958677686,46.5853051944263,66.8822268400025,59.2633833954999,54.1589685269036
"71","42003191400",40,77.3869346733668,74.3478260869565,71.5625,31.5789473684211,76.0330578512397,56.8380481272589,30.8601604954169,89.9245460013151,63.9115869201078,73.7977789256198,47.7452671442644,56.8380481272589,60.392353248366,59.6933618613773
"72","42003191500",43.3333333333333,77.8894472361809,73.4782608695652,68.125,30.622009569378,90.0826446280992,93.6729133858394,40.0067124686704,96.1834364749127,64.9003471463598,79.1038223140496,47.7611783578689,93.6729133858394,68.0950744717915,72.1582471323874
"73","42003191600",38.8888888888889,73.3668341708543,67.3913043478261,60,41.1483253588517,87.1900826446281,69.660110135695,46.5880790337464,99.8185371880942,59.8823424691897,73.595041322314,50.5153339140207,69.660110135695,73.2033081109203,66.7434483707375
"74","42003191700",28.8888888888889,74.3718592964824,70.8695652173913,69.0625,39.2344497607655,88.8429752066116,74.0531471857091,36.9795453788543,91.4761641314853,58.0434378009209,78.9527376033058,48.6389437808432,74.0531471857091,64.2278547551698,66.468170831257
"75","42003191800",27.7777777777778,73.8693467336683,70.8695652173913,69.375,36.8421052631579,88.0165289256198,75.3503610349197,44.8083422269287,86.6486341009282,57.5055632429458,78.6957644628099,47.1738342530519,75.3503610349197,65.7284881639284,66.7371119786775
"76","42003191900",32.2222222222222,75.8793969849246,72.1739130434783,67.8125,36.3636363636364,81.8181818181818,57.500519413149,42.1458023950024,96.1033668306796,60.0918440835417,74.8153409090909,48.227740223589,57.500519413149,69.124584612841,62.4170462896675
"77","42003192000",24.4444444444444,69.3467336683417,65.6521739130435,65.3125,46.88995215311,85.9504132231405,71.5630509791119,33.3307022851378,98.3416179155478,53.1477840086099,75.6314566115703,50.01886808086,71.5630509791119,65.8361601003428,65.7623839429712
"78","42003202200",34.4444444444445,68.3417085427136,54.7826086956522,46.875,61.7224880382775,42.1487603305785,55.5588847082166,36.5941011062312,65.1123174224169,52.5229205609367,44.5118801652893,57.1227042996071,55.5588847082166,50.8532092643241,52.0116696093592
"79","42003202300",26.6666666666667,76.3819095477387,75.2173913043478,80,34.4497607655502,19.8347107438017,87.0507387035722,42.5738382324689,96.231312947356,59.4219891729177,49.9173553719008,46.935874969234,87.0507387035722,69.4025755899125,63.3266361586549
"80","42003210700",42.2222222222222,73.3668341708543,42.6086956521739,32.5,68.4210526315789,52.8925619834711,46.2986789782571,28.2385329838478,38.9062729161371,52.7325840150835,42.6962809917355,60.5768183233312,46.2986789782571,33.5724029499924,45.7860453108291
"81","42003220600",42.2222222222222,76.3819095477387,60.8695652173913,56.875,43.5406698564593,76.4462809917355,100,24.6207962917938,80.1800540196408,59.8245656624507,66.6606404958678,51.682617759455,100,52.4004251557173,67.68592085276
"82","42003240600",40,78.894472361809,73.9130434782609,68.4375,33.0143540669857,80.9917355371901,90.461242825841,30.5195826060854,98.9584968857698,64.26917194669,74.714617768595,48.6417630068378,90.461242825841,64.7390397459276,69.6391658368004
"83","42003241200",34.4444444444445,67.3366834170854,59.5652173913044,51.875,45.933014354067,41.7355371900827,100,30.8081110594303,99.5893844099583,53.7821150842781,46.8052685950413,49.8575647191725,100,65.1987477346943,65.465395262227
"84","42003250300",51.1111111111111,74.3718592964824,51.304347826087,37.8125,57.8947368421053,57.4380165289256,43.2278435966373,29.4770869719263,73.8267271878103,58.9291060778935,47.6252582644628,58.4119214599994,43.2278435966373,51.6519070798683,50.2292326002419
"85","42003250700",52.2222222222222,69.3467336683417,39.1304347826087,20.625,76.555023923445,17.7685950413223,100,22.8623094492486,24.1698713740806,53.5664635577242,19.1967975206611,65.0607437405846,100,23.5160904116646,51.9434079182276
"86","42003250900",46.6666666666667,73.8693467336683,56.9565217391304,43.75,56.9377990430622,29.7520661157025,96.7940926146129,22.5487405057857,48.8286449638827,59.1641783798218,36.7510330578512,58.050988711442,96.7940926146129,35.6886927348342,56.8212017796851
"87","42003260200",37.7777777777778,73.3668341708543,63.4782608695652,56.25,45.4545454545454,59.9173553719008,93.0984352307961,36.9655038942359,88.7092501833876,58.2076242727324,58.0836776859504,51.8310848636389,93.0984352307961,62.8373770388118,66.4626437047993
"88","42003260700",43.3333333333333,81.4070351758794,71.7391304347826,62.8125,35.8851674641148,86.3636363636364,58.3568688435641,37.9388336650886,75.9884647408846,65.4931663146651,74.5880681818182,50.68916688939,58.3568688435641,56.9636492029866,60.1494382794397
"89","42003260900",43.3333333333333,52.7638190954774,8.69565217391305,0,100,7.02479338842975,100,23.9912979873642,2.22107457859375,34.9309348675746,3.51239669421488,67.4654674337873,100,13.106186282979,46.0210126027453
"90","42003261200",21.1111111111111,73.8693467336683,68.695652173913,69.6875,41.1483253588517,48.3471074380165,76.9296053092203,51.6531735806718,88.2731270960744,54.5587033395642,59.0173037190083,47.8535143492079,76.9296053092203,69.9631503383731,63.4408934289524
"91","42003261400",30,59.2964824120603,29.5652173913043,26.25,82.2966507177034,50,65.3487206913724,28.6767467509686,31.0149806252523,39.6205666011215,38.125,60.9586086594124,65.3487206913724,29.8458636881104,48.5695482597238
"92","42003261500",44.4444444444444,73.3668341708543,49.1304347826087,37.8125,63.1578947368421,36.3636363636364,71.4298225516451,20.9773067374265,35.7989741530897,55.6472377993025,37.0880681818182,59.4025662680723,71.4298225516451,28.3881404452581,49.0771493616984
"93","42003262000",27.7777777777778,60.8040201005025,51.7391304347826,45.9375,63.6363636363636,42.5619834710744,63.985085511359,24.1677979875185,80.5528371027489,46.773642771021,44.2497417355372,55.2050032036923,63.985085511359,52.3603175451337,53.9500369989305
"94","42003270100",34.4444444444445,78.391959798995,71.304347826087,65.3125,38.2775119617225,86.3636363636364,53.8498058979344,45.1108100744954,91.3442589562207,61.3802506898421,75.8380681818182,49.8288813257823,53.8498058979344,68.2275345153581,61.9360724802232
"95","42003270300",25.5555555555556,62.3115577889447,51.7391304347826,48.75,63.6363636363636,54.1322314049587,62.6949323294048,35.8739149375221,74.9086557564125,46.5354145930943,51.4411157024793,55.085889114729,62.6949323294048,55.3912853469673,56.1533056233951
"96","42003270400",34.4444444444445,70.8542713567839,54.7826086956522,46.5625,55.5023923444976,55.7851239669422,100,40.9337510538771,66.4267752941168,53.3604414989602,51.1738119834711,54.4314169217289,100,53.680263173997,64.8213730197992
"97","42003270800",17.7777777777778,70.3517587939699,64.3478260869565,64.0625,52.6315789473684,85.5371900826446,96.4737246242973,32.1362004001759,94.8288423953101,50.8257875529014,74.7998450413223,51.7286832501349,96.4737246242973,63.482521397743,71.6211935783744
"98","42003271500",37.7777777777778,66.8341708542714,51.7391304347826,39.6875,60.7655502392344,52.4793388429752,100,41.8001364983116,61.3537714866701,52.1170263556106,46.0834194214876,56.4412882974225,100,51.5769539924909,63.5254154278502
"99","42003281400",32.2222222222222,64.8241206030151,52.6086956521739,44.0625,64.5933014354067,38.0165289256198,49.3319482108406,23.2758813775608,62.4335650893268,49.8850128258037,41.0395144628099,57.2391571306052,49.3319482108406,42.8547232334438,47.6163357594249
"100","42003281500",30,74.8743718592965,70,65.9375,38.755980861244,79.7520661157025,81.9209167850177,41.5268642288124,96.372255460178,58.2914572864322,72.8447830578512,48.5237190738381,81.9209167850177,68.9495598444952,68.0597446903006
"101","42003290100",33.3333333333333,66.3316582914573,59.1304347826087,51.875,52.1531100478469,53.3057851239669,57.9959942648152,43.9360955494471,89.0962435247634,52.9318088024664,52.5903925619835,52.5424594251567,57.9959942648152,66.5161695371053,57.4112539472651
"102","42003290200",26.6666666666667,66.8341708542714,61.7391304347826,58.125,50.2392344497608,63.6363636363636,66.3611429593434,33.5293346059455,99.724472347223,51.7466559852402,60.8806818181818,50.9929452175005,66.3611429593434,66.6269034765842,61.2154183679025
"103","42003290400",28.8888888888889,69.3467336683417,64.3478260869565,60.3125,46.88995215311,52.0661157024793,89.9688362643369,30.9589189720014,96.697056918544,54.1944828813957,56.1893078512397,50.5422175172529,89.9688362643369,63.8279879452727,65.1320873945255
"104","42003300100",43.3333333333333,65.8291457286432,45.2173913043478,30.625,68.8995215311005,51.6528925619835,76.4967109126135,34.404636831363,50.0128337087205,51.4599567887748,41.1389462809917,60.1797391599376,76.4967109126135,42.2087352700418,55.0060329058962
"105","42003310200",22.2222222222222,70.8542713567839,67.3913043478261,66.875,39.7129186602871,78.099173553719,84.2438161369892,41.252042545065,75.4836122648006,53.4892659756107,72.4870867768595,46.6010923179489,84.2438161369892,58.3678274049328,65.4249556591826
"106","42003310300",22.2222222222222,71.356783919598,66.5217391304348,68.125,42.1052631578947,10.3305785123967,69.858349328215,41.7356066758216,98.2126802389577,53.3669150907517,39.2277892561983,47.7360891243232,69.858349328215,69.9741434573897,56.6990927915315
"107","42003320400",18.8888888888889,63.8190954773869,61.304347826087,61.875,50.7177033492823,79.3388429752066,95.1459593739073,40.3603761741617,87.6738696085831,48.0041107307876,70.6069214876033,49.3609070400349,95.1459593739073,64.0171228913724,69.7827276982295
"108","42003320600",28.8888888888889,73.3668341708543,69.5652173913043,65.625,38.2775119617225,84.297520661157,82.4798466547659,39.0144920750427,90.9867523683457,57.2736468170158,74.9612603305785,47.7755793893692,82.4798466547659,65.0006222216942,67.554327149102
"109","42003320700",21.1111111111111,63.8190954773869,60.8695652173913,60,49.2822966507177,8.67768595041323,92.1194690298156,38.0113622129447,85.6974065042748,48.5999239352965,34.3388429752066,48.9411102930071,92.1194690298156,61.8543843586097,59.3134516641598
"110","42003401100",,,,,,5.78512396694215,72.7645690899573,47.1098944485486,83.2564688664911,,5.78512396694215,,72.7645690899573,65.1831816575199,47.9109582381398
"111","42003401200",,,,,,49.1735537190083,42.0624038728797,30.9345389586122,79.9092197264885,,49.1735537190083,,42.0624038728797,55.4218793425503,48.8859456448128
"112","42003401300",,,,,,46.2809917355372,52.667187090003,49.6288578657629,81.2363507885164,,46.2809917355372,,52.667187090003,65.4326043271396,54.7935943842266
"113","42003402000",,,,,,69.8347107438017,72.2674409862491,28.9103621846939,83.4680828696803,,69.8347107438017,,72.2674409862491,56.1892225271871,66.0971247524126
"114","42003403500",,,,,,50,84.3967581977231,39.6651372998906,96.7020522005232,,50,,84.3967581977231,68.1835947502069,67.5267843159767
"115","42003404000",,,,,,83.8842975206611,59.9719386679126,35.9835381395323,79.9892721935147,,83.8842975206611,,59.9719386679126,57.9864051665235,67.2808804516991
"116","42003405000",,,,,,19.0082644628099,30.1960381359741,41.8275778518974,76.5220754350865,,19.0082644628099,,30.1960381359741,59.174826643492,36.126376414092
"117","42003406000",,,,,,19.8347107438017,42.2589176584981,45.8314353579925,76.8221944525265,,19.8347107438017,,42.2589176584981,61.3268149052595,41.1401477691864
"118","42003407001",,,,,,95.0413223140496,58.6210770512531,41.3705472953381,77.3045497219428,,95.0413223140496,,58.6210770512531,59.3375485086404,70.9999826246477
"119","42003407002",,,,,,20.2479338842975,60.9159856029569,40.8458454384087,77.673972451402,,20.2479338842975,,60.9159856029569,59.2599089449054,46.8079428107199
"120","42003408001",,,,,,31.4049586776859,20.076886840447,33.1883588322208,79.4663560283232,,31.4049586776859,,20.076886840447,56.327357430272,35.9364009828017
"121","42003408002",,,,,,48.3471074380165,42.6038551863407,46.4597601245906,82.4245172461871,,48.3471074380165,,42.6038551863407,64.4421386853889,51.797700436582
"122","42003409000",,,,,,100,32.1801474749044,56.5653546298757,84.3402006120447,,100,,32.1801474749044,70.4527776209602,67.5443083652882
"123","42003410000",,,,,,14.0495867768595,79.3423175088617,49.196677230778,79.2771124266191,,14.0495867768595,,79.3423175088617,64.2368948286985,52.5429330381399
"124","42003411000",,,,,,97.9338842975207,11.1424858622794,46.8182542490422,95.3725760140744,,97.9338842975207,,11.1424858622794,71.0954151315583,60.0572617637861
"125","42003412001",,,,,,97.5206611570248,34.5288770089575,52.3777400918207,99.0212845855315,,97.5206611570248,,34.5288770089575,75.6995123386761,69.2496835015528
"126","42003412002",,,,,,94.2148760330578,36.1742585799987,55.9663258086813,87.751105257659,,94.2148760330578,,36.1742585799987,71.8587155331701,67.4159500487422
"127","42003413100",,,,,,47.5206611570248,34.5250482030169,45.4217891060029,96.6138189835848,,47.5206611570248,,34.5250482030169,71.0178040447938,51.0211711349452
"128","42003413201",,,,,,97.1074380165289,70.1964541790833,41.8249844040675,82.5306900442149,,97.1074380165289,,70.1964541790833,62.1778372241412,76.4939098065845
"129","42003413202",,,,,,33.4710743801653,58.161438562118,35.8261782038602,78.9282370701454,,33.4710743801653,,58.161438562118,57.3772076370028,49.669906859762
"130","42003413300",,,,,,67.3553719008264,46.7575331299934,40.338562883338,89.607412960343,,67.3553719008264,,46.7575331299934,64.9729879218405,59.6952976508868
"131","42003413400",,,,,,98.7603305785124,47.9175992071204,44.9565910981064,83.4361546998029,,98.7603305785124,,47.9175992071204,64.1963728989546,70.2914342281958
"132","42003413500",,,,,,93.801652892562,66.1537390458464,38.1811566580211,92.9082267930299,,93.801652892562,,66.1537390458464,65.5446917255255,75.1666945546446
"133","42003414101",,,,,,95.4545454545455,60.3341161331708,49.173468025787,78.4684071648496,,95.4545454545455,,60.3341161331708,63.8209375953183,73.2031997276782
"134","42003414102",,,,,,46.2809917355372,50.9930143689722,37.7041463088913,86.191123842851,,46.2809917355372,,50.9930143689722,61.9476350758711,53.0738803934602
"135","42003414200",,,,,,15.2892561983471,36.734561317238,41.0579489863755,79.2208882930832,,15.2892561983471,,36.734561317238,60.1394186397293,37.3877453851048
"136","42003415001",,,,,,20.6611570247934,51.1926196328574,48.8738732977365,84.7446863301409,,20.6611570247934,,51.1926196328574,66.8092798139387,46.2210188238632
"137","42003415002",,,,,,47.1074380165289,40.1548178876058,45.2079139099564,89.4142381573656,,47.1074380165289,,40.1548178876058,67.311076033661,51.5244439792652
"138","42003416000",,,,,,90.9090909090909,44.7513855065804,38.3177229406444,77.2366736610745,,90.9090909090909,,44.7513855065804,57.7771983008594,64.4792249055103
"139","42003417100",,,,,,4.13223140495868,55.9677628381368,47.1063178490359,81.0858980511401,,4.13223140495868,,55.9677628381368,64.096107950088,41.3987007310612
"140","42003417200",,,,,,59.504132231405,24.6338596230261,29.5958794668875,75.4836122648006,,59.504132231405,,24.6338596230261,52.5397458658441,45.5592459067584
"141","42003418000",,,,,,14.8760330578512,51.5294162853353,38.5688813603679,76.5668436702952,,14.8760330578512,,51.5294162853353,57.5678625153315,41.3244372861727
"142","42003419000",,,,,,1.65289256198347,53.2147370193921,37.7969117249698,77.2372203977342,,1.65289256198347,,53.2147370193921,57.517066061352,37.4615652142425
"143","42003420000",,,,,,61.9834710743802,62.3914976413289,35.2958709581998,89.7706851764897,,61.9834710743802,,62.3914976413289,62.5332780673448,62.3027489276846
"144","42003421100",,,,,,21.4876033057851,49.2747863607594,35.5821168174773,95.5617814671353,,21.4876033057851,,49.2747863607594,65.5719491423063,45.4447796029503
"145","42003421200",,,,,,31.8181818181818,58.3215116833192,44.1093609650632,82.1363373846803,,31.8181818181818,,58.3215116833192,63.1228491748718,51.0875142254576
"146","42003422000",,,,,,96.2809917355372,17.9460954761776,60.8242762964393,86.0952269259233,,96.2809917355372,,17.9460954761776,73.4597516111813,62.562279607632
"147","42003423000",,,,,,97.9338842975207,58.3063669603811,34.8996354674312,87.9055002733968,,97.9338842975207,,58.3063669603811,61.402567870414,72.5476063761053
"148","42003424000",,,,,,54.9586776859504,64.4391087159801,29.1161895861452,94.6811549365807,,54.9586776859504,,64.4391087159801,61.8986722613629,60.4321528877645
"149","42003425000",,,,,,63.6363636363636,100,39.4258516212966,84.8671561022178,,63.6363636363636,,100,62.1465038617572,75.2609558327069
"150","42003426300",,,,,,97.9338842975207,63.7064200677026,45.7558972887918,78.7470290714556,,97.9338842975207,,63.7064200677026,62.2514631801237,74.6305891817823
"151","42003426400",,,,,,11.9834710743802,51.3835367206986,43.5696434454027,80.6313232144197,,11.9834710743802,,51.3835367206986,62.1004833299112,41.8224970416633
"152","42003426700",,,,,,31.4049586776859,70.1310642224673,42.670504902387,78.4881338215353,,31.4049586776859,,70.1310642224673,60.5793193619611,54.0384474207048
"153","42003426800",,,,,,98.7603305785124,77.7463230097071,48.9648102576532,84.4380218438362,,98.7603305785124,,77.7463230097071,66.7014160507447,81.0693565463214
"154","42003427000",,,,,,54.1322314049587,50.086315293977,38.2969820774943,84.3934937546028,,54.1322314049587,,50.086315293977,61.3452379160485,55.1879282049947
"155","42003427100",,,,,,100,69.7350792859809,46.0368944223586,77.5404258525768,,100,,69.7350792859809,61.7886601374677,77.1745798078162
"156","42003427200",,,,,,14.0495867768595,59.0326518850406,42.1199552125135,81.1327533686073,,14.0495867768595,,59.0326518850406,61.6263542905604,44.9028643174868
"157","42003428100",,,,,,91.7355371900827,53.3001679623313,41.5801248709759,76.2132287959237,,91.7355371900827,,53.3001679623313,58.8966768334498,67.9774606619546
"158","42003428200",,,,,,45.4545454545455,66.4198377492314,48.1771426812975,77.9851546572227,,45.4545454545455,,66.4198377492314,63.0811486692601,58.3185106243456
"159","42003429100",,,,,,30.9917355371901,60.0302577357868,40.8388152540214,88.661966450601,,30.9917355371901,,60.0302577357868,64.7503908523112,51.9241280417627
"160","42003429201",,,,,,96.2809917355372,56.803709607364,49.0650515933736,90.5370915301689,,96.2809917355372,,56.803709607364,69.8010715617713,74.2952576348908
"161","42003429202",,,,,,68.595041322314,50.7021217341607,41.407352354704,83.0982609824742,,68.595041322314,,50.7021217341607,62.2528066685891,60.5166565750213
"162","42003429300",,,,,,67.3553719008264,46.3270899419949,42.9826144844197,79.8054298849984,,67.3553719008264,,46.3270899419949,61.3940221847091,58.3588280091768
"163","42003429400",,,,,,0.413223140495866,83.5127055584637,43.832655940055,82.5286101448899,,0.413223140495866,,83.5127055584637,63.1806330424725,49.0355205804773
"164","42003429500",,,,,,13.6363636363636,76.9438356047177,35.4519720127984,95.7968430384248,,13.6363636363636,,76.9438356047177,65.6244075256116,52.0682022555643
"165","42003429600",,,,,,33.0578512396694,61.7205550977181,43.4464861413356,83.7217506058991,,33.0578512396694,,61.7205550977181,63.5841183736174,52.7875082370016
"166","42003429700",,,,,,91.3223140495868,70.0527251128721,40.7471151451055,78.9479227297092,,91.3223140495868,,70.0527251128721,59.8475189374074,73.7408526999554
"167","42003430100",,,,,,11.1570247933884,74.9203571553207,43.7128621965983,85.282008610767,,11.1570247933884,,74.9203571553207,64.4974354036827,50.1916057841306
"168","42003430200",,,,,,84.297520661157,65.7716213236858,39.3197920809919,77.5595810551924,,84.297520661157,,65.7716213236858,58.4396865680921,69.5029428509783
"169","42003431100",,,,,,74.3801652892562,75.0365170987198,34.7263709461317,90.6349100359372,,74.3801652892562,,75.0365170987198,62.6806404910344,70.6991076263368
"170","42003431400",,,,,,59.504132231405,49.9933630002813,32.2503142362213,99.363886160719,,59.504132231405,,49.9933630002813,65.8071001984702,58.4348651433855
"171","42003431500",,,,,,62.396694214876,80.2820464987104,34.3099791615551,90.1287180432207,,62.396694214876,,80.2820464987104,62.2193486023879,68.2993631053248
"172","42003432300",,,,,,9.50413223140496,88.4212601717863,36.0790848613559,95.0614342270829,,9.50413223140496,,88.4212601717863,65.5702595442194,54.4985506491369
"173","42003432400",,,,,,0.826446280991733,93.102360915272,38.8803782640256,91.8627588818496,,0.826446280991733,,93.102360915272,65.3715685729376,53.1001252564005
"174","42003434000",,,,,,20.6611570247934,48.0025663161865,47.0501068974951,81.2594665148196,,20.6611570247934,,48.0025663161865,64.1547867061574,44.2728366823791
"175","42003435000",,,,,,19.8347107438017,81.5928574777015,42.6111900435599,84.6140863640598,,19.8347107438017,,81.5928574777015,63.6126382038099,55.013402141771
"176","42003437000",,,,,,66.9421487603306,56.8064240745481,55.3204368746073,90.4362557878873,,66.9421487603306,,56.8064240745481,72.8783463312473,65.5423063887087
"177","42003439000",,,,,,96.2809917355372,56.2863409423026,43.0557768275372,84.4832875385656,,96.2809917355372,,56.2863409423026,63.7695321830514,72.1122882869637
"178","42003445500",,,,,,45.8677685950413,43.2243294205734,34.3167174817968,93.6201184760426,,45.8677685950413,,43.2243294205734,63.9684179789197,51.0201719981782
"179","42003446000",,,,,,100,13.3604175341094,50.0905088127223,88.7037021261766,,100,,13.3604175341094,69.3971054694494,60.9191743345196
"180","42003447000",,,,,,32.6446280991736,47.1969773430431,43.7054606292152,83.7486201692787,,32.6446280991736,,47.1969773430431,63.7270403992469,47.8562152804879
"181","42003448000",,,,,,77.6859504132231,47.3803586393208,37.0767152603976,88.7177068627374,,77.6859504132231,,47.3803586393208,62.8972110615675,62.6545067047038
"182","42003449000",,,,,,11.5702479338843,59.2552148399041,44.1495211512556,82.8749692953646,,11.5702479338843,,59.2552148399041,63.5122452233101,44.7792359990328
"183","42003450700",,,,,,78.9256198347107,89.0054789547191,33.5021763445023,99.3954145453053,,78.9256198347107,,89.0054789547191,66.4487954449038,78.1266314114445
"184","42003450800",,,,,,73.5537190082645,75.5359596172892,36.9979717202394,91.7078997252166,,73.5537190082645,,75.5359596172892,64.352935722728,71.1475381160939
"185","42003451101",,,,,,44.6280991735537,32.3611785951525,45.8564995021788,84.9509254428493,,44.6280991735537,,32.3611785951525,65.403712472514,47.4643300804067
"186","42003451102",,,,,,20.2479338842975,33.0397658827264,37.4199992260394,93.3005465236746,,20.2479338842975,,33.0397658827264,65.360272874857,39.5493242139603
"187","42003451104",,,,,,94.6280991735537,52.8954819580084,54.0979341182936,81.8772192174994,,94.6280991735537,,52.8954819580084,67.9875766678965,71.8370525998195
"188","42003451105",,,,,,13.6363636363636,57.4980748922654,32.3901578490164,99.8506682953625,,13.6363636363636,,57.4980748922654,66.1204130721894,45.7516172002728
"189","42003451300",,,,,,95.8677685950413,43.4661891996855,46.6866032719731,91.0761557178351,,95.8677685950413,,43.4661891996855,68.8813794949041,69.405112429877
"190","42003452000",,,,,,2.47933884297521,47.0328425876052,40.7992646984225,81.3412809637014,,2.47933884297521,,47.0328425876052,61.0702728310619,36.8608180872141
"191","42003453003",,,,,,20.2479338842975,38.3253411490456,38.7273816126484,77.6424406509254,,20.2479338842975,,38.3253411490456,58.1849111317869,38.9193953883767
"192","42003453004",,,,,,2.47933884297521,48.8803031146249,46.6307472124131,90.4921586690307,,2.47933884297521,,48.8803031146249,68.5614529407219,39.9736982994407
"193","42003455000",,,,,,31.8181818181818,65.3432354294511,45.7741332651011,79.2888685495696,,31.8181818181818,,65.3432354294511,62.5315009073354,53.2309727183228
"194","42003456001",,,,,,93.801652892562,51.7578404682316,39.8576248056094,83.8464328175692,,93.801652892562,,51.7578404682316,61.8520288115893,69.137174057461
"195","42003456003",,,,,,14.8760330578512,31.8676202202007,42.6902791311679,89.6992738603575,,14.8760330578512,,31.8676202202007,66.1947764957627,37.6461432579382
"196","42003456004",,,,,,69.0082644628099,57.7652686191157,38.1363922347189,81.061483388273,,69.0082644628099,,57.7652686191157,59.598937811496,62.1241569644739
"197","42003457100",,,,,,83.4710743801653,86.5004758455777,30.3688598916959,83.8112011690776,,83.4710743801653,,86.5004758455777,57.0900305303868,75.6871935853766
"198","42003457200",,,,,,92.5619834710744,63.3661299211995,32.6854444820714,83.1098373161575,,92.5619834710744,,63.3661299211995,57.8976408991144,71.2752514304628
"199","42003458000",,,,,,21.0743801652893,59.5702078843054,38.9657175011253,79.254226743792,,21.0743801652893,,59.5702078843054,59.1099721224586,46.5848533906844
"200","42003459101",,,,,,46.2809917355372,19.9822088989899,41.983716077995,93.0041426397409,,46.2809917355372,,19.9822088989899,67.4939293588679,44.5857099977984
"201","42003459102",,,,,,45.0413223140496,58.7753715104782,47.7789438426495,84.6025147129857,,45.0413223140496,,58.7753715104782,66.1907292778176,56.6691410341151
"202","42003459201",,,,,,46.6942148760331,53.3731138096871,38.4948970365481,84.1434537665345,,46.6942148760331,,53.3731138096871,61.3191754015413,53.7955013624205
"203","42003459202",,,,,,68.1818181818182,78.4259535407853,50.2611460660867,90.9273271705268,,68.1818181818182,,78.4259535407853,70.5942366183068,72.4006694469701
"204","42003460001",,,,,,21.900826446281,37.7660910087509,46.2504098741358,78.63170389655,,21.900826446281,,37.7660910087509,62.4410568853429,40.7026581134583
"205","42003460002",,,,,,33.4710743801653,65.7154578215032,39.6844302756412,83.8220869062074,,33.4710743801653,,65.7154578215032,61.7532585909243,53.6465969308643
"206","42003461000",,,,,,86.3636363636364,55.8910299704866,35.4838976750046,89.6346732438303,,86.3636363636364,,55.8910299704866,62.5592854594175,68.2713172645135
"207","42003462100",,,,,,38.4297520661157,27.8688801923029,32.4434542700922,88.8063139737827,,38.4297520661157,,27.8688801923029,60.6248841219374,42.307838793452
"208","42003462600",,,,,,48.7603305785124,89.9686743654245,31.8880899149003,87.4778504690316,,48.7603305785124,,89.9686743654245,59.682970191966,66.1373250453009
"209","42003463900",,,,,,40.0826446280992,79.0454010936158,32.802142127829,93.4053273515622,,40.0826446280992,,79.0454010936158,63.1037347396956,60.7439268204702
"210","42003464300",,,,,,90.495867768595,77.6561174458748,41.7260264515173,94.1461544737956,,90.495867768595,,77.6561174458748,67.9360904626565,78.6960252257088
"211","42003464400",,,,,,25.2066115702479,60.1307184612279,26.0356583847323,74.0932779422394,,25.2066115702479,,60.1307184612279,50.0644681634858,45.1339327316539
"212","42003465600",,,,,,71.900826446281,66.8842106017364,31.8138931875563,86.2413351969366,,71.900826446281,,66.8842106017364,59.0276141922465,65.9375504134213
"213","42003465800",,,,,,90.495867768595,52.1300327838711,43.9390428401669,86.8238386275937,,90.495867768595,,52.1300327838711,65.3814407338803,69.3357804287821
"214","42003468700",,,,,,3.30578512396694,52.8974525323652,33.1399059415631,86.1284735091497,,3.30578512396694,,52.8974525323652,59.6341897253564,38.6124757938962
"215","42003468800",,,,,,59.0909090909091,95.399429850571,22.8411808149793,96.2716389216357,,59.0909090909091,,95.399429850571,59.5564098683075,71.3489162699292
"216","42003468900",,,,,,79.7520661157025,94.3797213129508,30.634367261101,98.880577442411,,79.7520661157025,,94.3797213129508,64.757472351756,79.6297532601364
"217","42003469000",,,,,,32.6446280991736,71.6961134260544,40.4844451948238,85.1685017667443,,32.6446280991736,,71.6961134260544,62.826473480784,55.722405002004
"218","42003470300",,,,,,14.4628099173554,58.4316974644182,42.6090160513169,92.4693939417403,,14.4628099173554,,58.4316974644182,67.5392049965286,46.811237459434
"219","42003470400",,,,,,94.6280991735537,59.8407407227097,45.2199222506096,82.1142065579674,,94.6280991735537,,59.8407407227097,63.6670644042885,72.711968100184
"220","42003470501",,,,,,21.900826446281,32.9407764058376,47.8415739829145,73.4870019602239,,21.900826446281,,32.9407764058376,60.6642879715692,38.5019636078959
"221","42003470502",,,,,,31.8181818181818,53.424807271571,42.7763743475274,86.3253036911277,,31.8181818181818,,53.424807271571,64.5508390193275,49.9312760363601
"222","42003470600",,,,,,92.1487603305785,90.8262790144322,41.1749111916602,86.9205504811517,,92.1487603305785,,90.8262790144322,64.047730836406,82.3409233938056
"223","42003471000",,,,,,82.6446280991736,78.781402686993,40.580389948456,80.3984309187172,,82.6446280991736,,78.781402686993,60.4894104335866,73.9718137399177
"224","42003472100",,,,,,86.7768595041322,84.3425744991346,40.1693761117687,86.3100961937183,,86.7768595041322,,84.3425744991346,63.2397361527435,78.1197233853368
"225","42003472200",,,,,,45.4545454545455,66.6514774413942,44.5620347713822,80.6623228881766,,45.4545454545455,,66.6514774413942,62.6121788297794,58.2394005752397
"226","42003472300",,,,,,5.37190082644629,82.5855550153682,45.4900149493416,89.146455520333,,5.37190082644629,,82.5855550153682,67.3182352348373,51.7585636922173
"227","42003472400",,,,,,13.2231404958678,61.5589088490329,52.0153723388613,79.812944690842,,13.2231404958678,,61.5589088490329,65.9141585148516,46.8987359532508
"228","42003473100",,,,,,20.6611570247934,70.7157747108386,36.469867224524,81.1452173874079,,20.6611570247934,,70.7157747108386,58.8075423059659,50.0614913471993
"229","42003473200",,,,,,93.3884297520661,38.0209769299784,32.8661413466055,87.0812876543714,,93.3884297520661,,38.0209769299784,59.9737145004885,63.794373727511
"230","42003473300",,,,,,31.4049586776859,63.4266149152497,41.8770728604748,81.1699781064199,,31.4049586776859,,63.4266149152497,61.5235254834474,52.1183663587943
"231","42003473401",,,,,,11.5702479338843,38.0027195216379,35.1752949799817,80.977433471548,,11.5702479338843,,38.0027195216379,58.0763642257648,35.883110560429
"232","42003473402",,,,,,68.595041322314,32.7732259458821,42.5775466298392,83.3492143970653,,68.595041322314,,32.7732259458821,62.9633805134523,54.7772159272161
"233","42003473500",,,,,,31.4049586776859,41.8753126666186,51.6680755967049,78.6024183644437,,31.4049586776859,,41.8753126666186,65.1352469805743,46.1385061082929
"234","42003473601",,,,,,95.8677685950413,45.0673062504296,44.7726782796896,85.1580856056593,,95.8677685950413,,45.0673062504296,64.9653819426745,68.6334855960485
"235","42003473602",,,,,,66.5289256198347,25.0109205253609,38.8058979484277,91.0912493850503,,66.5289256198347,,25.0109205253609,64.948573666739,52.1628066039782
"236","42003474101",,,,,,69.0082644628099,50.7210796707634,41.8767189112108,95.9255791834848,,69.0082644628099,,50.7210796707634,68.9011490473478,62.876831060307
"237","42003474102",,,,,,93.801652892562,21.3850537499182,45.7749005514722,85.8566747187106,,93.801652892562,,21.3850537499182,65.8157876350914,60.3341647591905
"238","42003474201",,,,,,100,22.3787320406793,50.6692848989101,84.4545186184987,,100,,22.3787320406793,67.5619017587044,63.3135445997946
"239","42003474202",,,,,,94.6280991735537,22.7305885939468,52.1863517503222,86.1974873443291,,94.6280991735537,,22.7305885939468,69.1919195473257,62.1835357716087
"240","42003474203",,,,,,98.3471074380165,37.6191684078805,55.4623168473065,90.4455052315245,,98.3471074380165,,37.6191684078805,72.9539110394155,69.6400622951042
"241","42003475101",,,,,,8.26446280991735,66.2135148025359,40.0710178249599,86.7098861362217,,8.26446280991735,,66.2135148025359,63.3904519805908,45.9561431976814
"242","42003475102",,,,,,66.9421487603306,39.7679772703754,45.4203373264867,81.4588910588365,,66.9421487603306,,39.7679772703754,63.4396141926616,56.7165800744559
"243","42003475200",,,,,,33.0578512396694,45.7117776527505,39.324799288159,77.0012844275671,,33.0578512396694,,45.7117776527505,58.1630418578631,45.6442235834276
"244","42003475301",,,,,,19.0082644628099,44.0041629755225,44.0924067379978,86.7346178671939,,19.0082644628099,,44.0041629755225,65.4135123025959,42.8086465803094
"245","42003475303",,,,,,33.0578512396694,43.988194661408,45.431699578822,77.555819268619,,33.0578512396694,,43.988194661408,61.4937594237205,46.179935108266
"246","42003475304",,,,,,32.6446280991736,15.8172024248428,45.9497107079538,91.8498749593505,,32.6446280991736,,15.8172024248428,68.8997928336522,39.1205411192228
"247","42003475401",,,,,,47.9338842975207,46.9279806314178,44.1036497109282,79.8756825639149,,47.9338842975207,,46.9279806314178,61.9896661374216,52.2838436887867
"248","42003475402",,,,,,20.6611570247934,55.0104530516105,44.520643813389,79.8505999722567,,20.6611570247934,,55.0104530516105,62.1856218928229,45.9524106564089
"249","42003476100",,,,,,0,55.8321582312911,43.8564623306523,84.6687627928733,,0,,55.8321582312911,64.2626125617628,40.0315902643513
"250","42003476200",,,,,,84.7107438016529,75.3028701467113,37.9065305228476,80.5593129129318,,84.7107438016529,,75.3028701467113,59.2329217178897,73.082178555418
"251","42003477100",,,,,,65.2892561983471,69.2351591182855,43.3343777847624,80.3958942612259,,65.2892561983471,,69.2351591182855,61.8651360229942,65.4631837798756
"252","42003477200",,,,,,95.4545454545455,72.9007620646529,37.9646752870249,76.4827758928559,,95.4545454545455,,72.9007620646529,57.2237255899404,75.1930110363796
"253","42003477300",,,,,,74.7933884297521,100,31.4973528091322,88.9787776850863,,74.7933884297521,,100,60.2380652471093,78.3438178922871
"254","42003478100",,,,,,85.5371900826446,52.1814948570848,36.941324396234,89.4912877619007,,85.5371900826446,,52.1814948570848,63.2163060790673,66.9783303395989
"255","42003478200",,,,,,71.900826446281,73.0221465848756,41.2496153822254,82.5449812316711,,71.900826446281,,73.0221465848756,61.8972983069482,68.9400904460349
"256","42003479000",,,,,,19.0082644628099,50.6033720501338,39.9844804884285,83.8261763984298,,19.0082644628099,,50.6033720501338,61.9053284434291,43.838988318791
"257","42003480101",,,,,,64.0495867768595,93.2731711413025,38.199428405531,84.6113166957675,,64.0495867768595,,93.2731711413025,61.4053725506493,72.9093768229371
"258","42003480102",,,,,,4.13223140495868,84.3368761993103,43.3249717323926,84.9392031261088,,4.13223140495868,,84.3368761993103,64.1320874292507,50.8670650111732
"259","42003480200",,,,,,65.2892561983471,67.3487475606293,49.8562941641722,90.293447061672,,65.2892561983471,,67.3487475606293,70.0748706129221,67.5709581239662
"260","42003480300",,,,,,2.47933884297521,63.4199950065466,42.9517932532505,79.9402998990403,,2.47933884297521,,63.4199950065466,61.4460465761454,42.4484601418891
"261","42003480400",,,,,,0.413223140495866,82.2193952687674,42.1884605065568,76.9373472268698,,0.413223140495866,,82.2193952687674,59.5629038667133,47.3985074253255
"262","42003481000",,,,,,25.6198347107438,100,24.9329697691935,63.1527454044175,,25.6198347107438,,100,44.0428575868055,56.5542307658498
"263","42003482500",,,,,,73.9669421487603,86.0549218368487,32.3352878630875,92.4157708950851,,73.9669421487603,,86.0549218368487,62.3755293790863,74.1324644548984
"264","42003483800",,,,,,37.603305785124,100,28.9533040084847,34.9580793821445,,37.603305785124,,100,31.9556916953146,56.5196658268129
"265","42003484300",,,,,,71.4876033057851,78.0648296734309,34.369466128561,89.2136608224658,,71.4876033057851,,78.0648296734309,61.7915634755134,70.4479988182431
"266","42003484500",,,,,,31.8181818181818,63.5970819342139,37.0136259045183,77.0921143175411,,31.8181818181818,,63.5970819342139,57.0528701110297,50.8227112878085
"267","42003484600",,,,,,50.8264462809917,100,37.8673100704735,98.0476360717253,,50.8264462809917,,100,67.9574730710994,72.9279731173637
"268","42003485000",,,,,,80.9917355371901,68.1427555783555,37.2004363636148,95.6680151666186,,80.9917355371901,,68.1427555783555,66.4342257651167,71.8562389602208
"269","42003486700",,,,,,22.3140495867769,,8.41824722244465,43.1004072612699,,22.3140495867769,,,25.7593272418573,24.0366884143171
"270","42003486800",,,,,,39.6694214876033,74.6863310534559,28.5702107964376,31.7514859575945,,39.6694214876033,,74.6863310534559,30.1608483770161,48.1722003060251
"271","42003486900",,,,,,28.5123966942149,64.660061577949,39.007362053291,32.6356897711642,,28.5123966942149,,64.660061577949,35.8215259122276,42.9979947281305
"272","42003487000",,,,,,80.1652892561983,80.2456317974315,30.4109048210782,83.074793092627,,80.1652892561983,,80.2456317974315,56.7428489568526,72.3845900034941
"273","42003488100",,,,,,78.5123966942149,59.4947103472343,35.2194134379177,99.2723403320587,,78.5123966942149,,59.4947103472343,67.2458768849882,68.4176613088125
"274","42003488200",,,,,,57.4380165289256,40.4253395494255,31.4176163766011,93.6485190670461,,57.4380165289256,,40.4253395494255,62.5330677218236,53.4654746000583
"275","42003488300",,,,,,32.6446280991736,45.9559588393004,38.2243055195821,75.5432864630931,,32.6446280991736,,45.9559588393004,56.8837959913376,45.1614609766038
"276","42003488400",,,,,,85.1239669421488,36.7197805510228,33.9952893504845,96.1504971274996,,85.1239669421488,,36.7197805510228,65.072893238992,62.3055469107212
"277","42003488500",,,,,,78.099173553719,59.2627358254827,40.8725309152108,85.9494231620581,,78.099173553719,,59.2627358254827,63.4109770386344,66.924295472612
"278","42003488600",,,,,,85.5371900826446,54.3251845752606,36.1316741390625,98.5767184759362,,85.5371900826446,,54.3251845752606,67.3541963074993,69.0721903218015
"279","42003489001",,,,,,46.2809917355372,68.6864705773491,35.2562860691119,79.0867718072576,,46.2809917355372,,68.6864705773491,57.1715289381847,57.379663750357
"280","42003489002",,,,,,19.8347107438017,42.8301176581118,47.5467192358026,82.6938225231828,,19.8347107438017,,42.8301176581118,65.1202708794927,42.5950330938021
"281","42003490002",,,,,,2.89256198347108,74.3782625944072,36.0678035434827,90.8969912557746,,2.89256198347108,,74.3782625944072,63.4823973996286,46.917740659169
"282","42003490003",,,,,,14.8760330578512,52.994747125257,45.6797244293059,82.000720910356,,14.8760330578512,,52.994747125257,63.8402226698309,43.9036676176464
"283","42003490004",,,,,,19.8347107438017,70.3437451867802,50.1805187237289,83.2216490770594,,19.8347107438017,,70.3437451867802,66.7010839003942,52.2931799436587
"284","42003491101",,,,,,96.2809917355372,30.6897147356728,46.4497355157681,81.5089832306374,,96.2809917355372,,30.6897147356728,63.9793593732028,63.6500219481376
"285","42003491200",,,,,,15.2892561983471,63.3028665154423,37.3659149756793,79.8790872695732,,15.2892561983471,,63.3028665154423,58.6225011226262,45.7382079454719
"286","42003492700",,,,,,51.2396694214876,90.6258286661314,28.2134321140348,83.9957651843705,,51.2396694214876,,90.6258286661314,56.1045986492027,65.9900322456072
"287","42003492800",,,,,,44.2148760330578,63.1970077267582,26.4143080801197,45.1833584217593,,44.2148760330578,,63.1970077267582,35.7988332509395,47.7369056702518
"288","42003492900",,,,,,60.3305785123967,100,41.4958990050936,82.5135040376025,,60.3305785123967,,100,62.0047015213481,74.1117600112483
"289","42003494000",,,,,,59.0909090909091,63.5843464036458,30.4809064193716,81.2618729438138,,59.0909090909091,,63.5843464036458,55.8713896815927,59.5155483920492
"290","42003495000",,,,,,6.19834710743802,76.9997857949001,41.9542206795517,78.1734427942867,,6.19834710743802,,76.9997857949001,60.0638317369192,47.7539882130858
"291","42003496101",,,,,,69.0082644628099,35.7411054946046,48.105646209692,76.1640317955394,,69.0082644628099,,35.7411054946046,62.1348390026157,55.6280696533434
"292","42003496102",,,,,,33.0578512396694,57.3383772825118,45.4766652693072,79.8802971362112,,33.0578512396694,,57.3383772825118,62.6784812027592,51.0249032416468
"293","42003496200",,,,,,86.3636363636364,64.2279087514751,35.8083400251471,78.7497340354883,,86.3636363636364,,64.2279087514751,57.2790370303177,69.2901940484764
"294","42003497000",,,,,,30.5785123966942,74.0052305136578,43.3390993223907,79.1519100020326,,30.5785123966942,,74.0052305136578,61.2455046622116,55.2764158575212
"295","42003498000",,,,,,11.9834710743802,45.2987271911845,38.2747055562103,80.3798696165163,,11.9834710743802,,45.2987271911845,59.3272875863633,38.8698286173093
"296","42003499300",,,,,,72.3140495867768,35.7822096325694,35.2904855621155,76.9304268353166,,72.3140495867768,,35.7822096325694,56.1104561987161,54.7355718060208
"297","42003499400",,,,,,77.2727272727273,47.1822907362427,40.341768853148,83.3875987597039,,77.2727272727273,,47.1822907362427,61.864683806426,62.1065672717986
"298","42003500300",,,,,,80.5785123966942,66.670121287799,37.3734077147788,83.328053981096,,80.5785123966942,,66.670121287799,60.3507308479374,69.1997881774769
"299","42003501000",,,,,,57.8512396694215,73.5856691596187,30.5353053372552,83.1156876919176,,57.8512396694215,,73.5856691596187,56.8254965145864,62.7541351145422
"300","42003503002",,,,,,10.7438016528926,82.9224066579757,48.2400328331977,82.0133280751869,,10.7438016528926,,82.9224066579757,65.1266804541923,52.9309629216868
"301","42003504100",,,,,,56.198347107438,68.13293271607,33.6132555879324,86.1184519321123,,56.198347107438,,68.13293271607,59.8658537600224,61.3990445278435
"302","42003507000",,,,,,64.4628099173554,50.4906718566973,36.4806685954434,90.2660021862525,,64.4628099173554,,50.4906718566973,63.373335390848,59.4422723883002
"303","42003508000",,,,,,28.9256198347107,73.6126199277696,34.0082980731973,73.0151918831587,,28.9256198347107,,73.6126199277696,53.511744978178,52.0166615802194
"304","42003509400",,,,,,53.7190082644628,60.3210491674678,37.9838074525856,88.815794430706,,53.7190082644628,,60.3210491674678,63.3998009416458,59.1466194578588
"305","42003510000",,,,,,18.5950413223141,100,36.9300009768606,39.321284907792,,18.5950413223141,,100,38.1256429423263,52.2402280882134
"306","42003512000",,,,,,61.1570247933884,37.1070319316001,27.61887080894,79.7744542403116,,61.1570247933884,,37.1070319316001,53.6966625246258,50.6535730832048
"307","42003512800",,,,,,28.099173553719,49.5288112128093,29.0921459015068,36.1590742538503,,28.099173553719,,49.5288112128093,32.6256100776786,36.7511982814023
"308","42003512900",,,,,,34.7107438016529,57.4720978175873,27.8715551166091,40.9646160433868,,34.7107438016529,,57.4720978175873,34.418085579998,42.2003090664127
"309","42003513800",,,,,,40.9090909090909,100,27.8323006119629,28.969771995618,,40.9090909090909,,100,28.4010363037905,56.4367090709605
"310","42003514000",,,,,,23.9669421487603,100,29.1352966545781,17.9785414357065,,23.9669421487603,,100,23.5569190451423,49.1746203979675
"311","42003515100",,,,,,42.9752066115703,83.2393260754485,33.7524454891603,51.0331594581186,,42.9752066115703,,83.2393260754485,42.3928024736394,56.2024450535527
"312","42003515200",,,,,,92.9752066115702,74.3368043484795,43.8188311607958,79.5482738988966,,92.9752066115702,,74.3368043484795,61.6835525298462,76.331854496632
"313","42003515300",,,,,,61.9834710743802,100,33.0247317345736,65.1377347889149,,61.9834710743802,,100,49.0812332617442,70.3549014453748
"314","42003515401",,,,,,6.61157024793388,100,40.5283796400001,96.1336917506927,,6.61157024793388,,100,68.3310356953464,58.3142019810934
"315","42003516100",,,,,,12.396694214876,59.9327549969201,38.0388865889522,92.268853426074,,12.396694214876,,59.9327549969201,65.1538700075131,45.8277730731031
"316","42003516200",,,,,,97.5206611570248,94.7344758029242,38.3354693738822,91.9626155620615,,97.5206611570248,,94.7344758029242,65.1490424679718,85.8013931426403
"317","42003517000",,,,,,40.495867768595,91.2603142249241,23.4350726275849,82.2146824887023,,40.495867768595,,91.2603142249241,52.8248775581436,61.5270198505542
"318","42003518001",,,,,,68.1818181818182,62.8165133324894,44.7982347435793,84.6259852175717,,68.1818181818182,,62.8165133324894,64.7121099805755,65.2368138316277
"319","42003519000",,,,,,97.1074380165289,81.9038814050757,46.7083650904707,90.4468406120984,,97.1074380165289,,81.9038814050757,68.5776028512846,82.5296407576297
"320","42003520001",,,,,,15.702479338843,65.4101440505572,35.5006764799199,98.1954108989824,,15.702479338843,,65.4101440505572,66.8480436894512,49.3202223596171
"321","42003520002",,,,,,92.9752066115702,72.0886871268533,39.9809937274481,99.1754273464432,,92.9752066115702,,72.0886871268533,69.5782105369456,78.2140347584564
"322","42003521100",,,,,,30.5785123966942,52.6659537545824,43.0485891565357,89.5287500925584,,30.5785123966942,,52.6659537545824,66.288669624547,49.8443785919412
"323","42003521200",,,,,,21.4876033057851,73.1119513962195,48.2062158865566,96.072224803038,,21.4876033057851,,73.1119513962195,72.1392203447973,55.5795916822673
"324","42003521301",,,,,,86.7768595041322,26.3994924090906,23.4645789440963,93.2628986662684,,86.7768595041322,,26.3994924090906,58.3637388051824,57.1800302394684
"325","42003521302",,,,,,6.19834710743802,52.9508011652813,40.5034287315928,95.6689514391483,,6.19834710743802,,52.9508011652813,68.0861900853705,42.4117794526966
"326","42003521401",,,,,,95.4545454545455,92.9795272755268,41.9417666055798,90.9871560749262,,95.4545454545455,,92.9795272755268,66.464461340253,84.9661780234418
"327","42003521402",,,,,,94.2148760330578,62.7780958147084,47.0439239294936,98.8525857821189,,94.2148760330578,,62.7780958147084,72.9482548558063,76.6470755678575
"328","42003521500",,,,,,33.8842975206612,76.6328404041544,41.7044512455272,99.0296660788837,,33.8842975206612,,76.6328404041544,70.3670586622055,60.2947321956737
"329","42003522000",,,,,,35.9504132231405,77.0059021279983,32.2262612949914,90.7336175405871,,35.9504132231405,,77.0059021279983,61.4799394177892,58.1454182563093
"330","42003523100",,,,,,61.5702479338843,83.6720054658549,38.9834496066403,14.2762230921778,,61.5702479338843,,83.6720054658549,26.6298363494091,57.2906965830494
"331","42003523200",,,,,,56.6115702479339,78.3024365848634,29.1253135271812,37.5763222838292,,56.6115702479339,,78.3024365848634,33.3508179055052,56.0882749127675
"332","42003523300",,,,,,90.9090909090909,46.7149846928434,41.7417413264575,75.6932818667465,,90.9090909090909,,46.7149846928434,58.717511596602,65.4471957328454
"333","42003523400",,,,,,79.7520661157025,100,39.8272027610814,67.1096861055873,,79.7520661157025,,100,53.4684444333343,77.7401701830123
"334","42003523501",,,,,,82.2314049586777,100,44.2354047837868,54.6994064495445,,82.2314049586777,,100,49.4674056166657,77.2329368584478
"335","42003523502",,,,,,58.2644628099173,66.8488125021163,36.914444190481,86.4737114291441,,58.2644628099173,,66.8488125021163,61.6940778098126,62.2691177072821
"336","42003523600",,,,,,92.5619834710744,46.3057180113586,44.3033903643752,71.1151818045166,,92.5619834710744,,46.3057180113586,57.7092860844459,65.525662522293
"337","42003523701",,,,,,79.7520661157025,65.0453966496004,37.0996384939846,99.0997541968516,,79.7520661157025,,65.0453966496004,68.0996963454181,70.9657197035737
"338","42003523702",,,,,,58.6776859504132,100,32.5988020422575,89.4293430527968,,58.6776859504132,,100,61.0140725475272,73.2305861659801
"339","42003523800",,,,,,20.6611570247934,100,48.7198041962344,96.6413403185325,,20.6611570247934,,100,72.6805722573835,64.4472430940589
"340","42003524000",,,,,,61.5702479338843,83.2730801605305,31.2909552021608,97.4751937366426,,61.5702479338843,,83.2730801605305,64.3830744694017,69.7421341879388
"341","42003525100",,,,,,45.4545454545455,73.5681380236316,42.9390769278283,84.5674254216404,,45.4545454545455,,73.5681380236316,63.7532511747343,60.9253115509704
"342","42003525200",,,,,,83.0578512396694,80.9941127965356,37.637498685662,77.4680883804285,,83.0578512396694,,80.9941127965356,57.5527935330452,73.8682525230834
"343","42003525300",,,,,,31.4049586776859,63.2812838663127,37.865166034836,82.2430024713906,,31.4049586776859,,63.2812838663127,60.0540842531133,51.5801089323706
"344","42003526101",,,,,,32.2314049586777,65.8714312231134,47.5150272554074,83.1984559891876,,32.2314049586777,,65.8714312231134,65.3567416222975,54.4865259346962
"345","42003526102",,,,,,9.09090909090909,55.8991430721087,39.3961147657326,76.1179360618648,,9.09090909090909,,55.8991430721087,57.7570254137987,40.9156925256055
"346","42003526201",,,,,,45.0413223140496,37.1014477099972,48.1322678049444,80.772216803903,,45.0413223140496,,37.1014477099972,64.4522423044237,48.8650041094902
"347","42003526202",,,,,,2.06611570247934,81.2764298731303,42.9075425285716,90.795413044375,,2.06611570247934,,81.2764298731303,66.8514777864733,50.0646744540276
"348","42003526301",,,,,,67.7685950413223,74.3921677724647,46.1987813472434,78.942374494928,,67.7685950413223,,74.3921677724647,62.5705779210857,68.2437802449576
"349","42003526302",,,,,,67.3553719008264,41.0689055127885,50.5108567720924,80.8593500003633,,67.3553719008264,,41.0689055127885,65.6851033862279,58.0364602666143
"350","42003550900",,,,,,26.4462809917355,61.6862324754225,29.1199316263147,51.7677757200486,,26.4462809917355,,61.6862324754225,40.4438536731816,42.8587890467799
"351","42003551200",,,,,,41.3223140495868,25.2229633851159,21.7708879236199,74.1767628952785,,41.3223140495868,,25.2229633851159,47.9738254094492,38.1730342813839
"352","42003551300",,,,,,72.7272727272727,54.9223942288937,35.9352454642393,88.5950146986868,,72.7272727272727,,54.9223942288937,62.2651300814631,63.3049323458765
"353","42003551900",,,,,,16.5289256198347,82.4283791954997,33.4021691161186,66.236321990463,,16.5289256198347,,82.4283791954997,49.8192455532908,49.5921834562084
"354","42003552000",,,,,,57.0247933884297,,28.6482869323616,59.8151299534857,,57.0247933884297,,,44.2317084429236,50.6282509156767
"355","42003552100",,,,,,7.43801652892562,37.5351785999156,31.99377247868,48.1528796217204,,7.43801652892562,,37.5351785999156,40.0733260502002,28.3488403930138
"356","42003552200",,,,,,39.6694214876033,100,36.884361353621,96.4056031832394,,39.6694214876033,,100,66.6449822684302,68.7714679186778
"357","42003552300",,,,,,24.3801652892562,100,26.1672629566765,44.4219481210762,,24.3801652892562,,100,35.2946055388763,53.2249236093775
"358","42003552400",,,,,,64.8760330578512,49.292613879832,35.5237151695591,97.6986012179564,,64.8760330578512,,49.292613879832,66.6111581937578,60.2599350438137
"359","42003560400",,,,,,69.4214876033058,96.1066710104862,38.9705248923479,44.5921371387149,,69.4214876033058,,96.1066710104862,41.7813310155314,69.1031632097745
"360","42003560500",,,,,,65.702479338843,60.8574727453006,33.8121489048954,98.6374845228947,,65.702479338843,,60.8574727453006,66.224816713895,64.2615895993462
"361","42003560600",,,,,,24.7933884297521,51.0741004472804,25.204478571597,40.0676969022866,,24.7933884297521,,51.0741004472804,32.6360877369418,36.1678588713247
"362","42003561000",,,,,,39.2561983471074,93.6990915962336,31.9199314975423,25.9717911913517,,39.2561983471074,,93.6990915962336,28.945861344447,53.9670504292627
"363","42003561100",,,,,,27.2727272727273,100,31.645784676624,5.99882189757581,,27.2727272727273,,100,18.8223032870999,48.6983435199424
"364","42003561200",,,,,,23.5537190082645,100,31.2764894342885,13.3375833421917,,23.5537190082645,,100,22.3070363882401,48.6202517988349
"365","42003561400",,,,,,73.1404958677686,70.6475063035679,34.3801430290063,26.1063549683732,,73.1404958677686,,70.6475063035679,30.2432489986897,58.0104170566754
"366","42003561500",,,,,,55.3719008264463,100,35.1896312691239,33.2510040105623,,55.3719008264463,,100,34.2203176398431,63.1974061554298
"367","42003561600",40,71.356783919598,60.8695652173913,49.6875,47.8468899521531,28.9256198347107,46.567603100471,29.6694042972901,79.0624599247337,57.4087830456631,39.3065599173554,52.6278364989081,46.567603100471,54.3659321110119,48.2169829069366
"368","42003561700",40,62.8140703517588,43.0434782608696,30.9375,67.4641148325359,50.4132231404959,62.459462301124,42.4096548187454,69.430017548733,48.6191828708761,40.6753615702479,58.041648851706,62.459462301124,55.9198361837392,54.2740772267043
"369","42003561900",26.6666666666667,50.7537688442211,4.78260869565217,12.8125,96.6507177033493,38.8429752066116,100,25.1195679683111,17.3593115421151,27.4010147355133,25.8277376033058,62.0258662194313,100,21.2394397552131,52.2732608944875
"370","42003562000",55.5555555555556,80.4020100502512,74.7826086956522,82.1875,44.9760765550239,89.2561983471074,31.7751503581135,4.97903219534351,75.4600916773863,70.246724767153,85.7218491735537,57.6114006610885,31.7751503581135,40.2195619363649,53.8319905322802
"371","42003562300",23.3333333333333,53.2663316582914,29.5652173913043,29.0625,81.8181818181818,26.0330578512397,30.3511312006463,11.2316181836308,60.4038105082511,35.388294127643,27.5477789256198,58.6032379729124,30.3511312006463,35.8177143459409,38.0799656112799
"372","42003562400",31.1111111111111,66.3316582914573,43.9130434782609,40.625,65.5502392344498,71.0743801652893,44.9575459975918,32.3615817664245,46.5748598848619,47.1186042936098,55.8496900826446,56.3344217640298,44.9575459975918,39.4682208256432,49.1524696674774
"373","42003562500",42.2222222222222,69.8492462311558,52.6086956521739,38.4375,63.1578947368421,54.5454545454545,100,27.0071012877695,51.6885821414846,54.893388035184,46.4914772727273,59.025641386013,100,39.3478417146271,61.2162400933418
"374","42003562600",37.7777777777778,69.8492462311558,57.8260869565217,47.1875,51.6746411483254,36.7768595041322,68.8492887900941,26.4808071153166,75.8290307285747,55.1510369884851,41.9821797520661,53.4128390684052,68.8492887900941,51.1549189219456,53.8498066331278
"375","42003562700",41.1111111111111,76.3819095477387,65.2173913043478,62.5,48.8038277511962,87.603305785124,51.0691384119361,25.6236312974518,83.3168921712554,60.9034706543992,75.051652892562,54.8536492027977,51.0691384119361,54.4702617343536,58.8611755604123
"376","42003562800",25.5555555555556,68.8442211055276,63.9130434782609,63.125,44.4976076555024,63.2231404958678,100,31.560673545876,92.7790027843747,52.770940046448,63.1740702479339,48.6342738509752,100,62.1698381651253,68.4945455660086
"377","42003562900",33.3333333333333,67.8391959798995,56.5217391304348,48.75,56.4593301435407,49.5867768595041,71.8971568771321,25.9304938106974,89.6422370989746,52.5647561478892,49.1683884297521,54.5120431457149,71.8971568771321,57.786365454836,58.3409884768588
"378","42003563000",37.7777777777778,75.3768844221105,63.0434782608696,61.875,44.4976076555024,76.8595041322314,100,46.7393010863519,79.3318000107961,58.7327134869193,69.3672520661157,51.6151605712109,100,63.035550548574,71.0044907964751
"379","42003563100",25.5555555555556,70.8542713567839,67.3913043478261,68.125,44.9760765550239,75.2066115702479,51.3607081815809,40.4172608509741,93.4512233932493,54.6003770867218,71.665805785124,49.7882268208729,51.3607081815809,66.9342421221117,59.9372457274224
"380","42003563200",43.3333333333333,72.8643216080402,60.4347826086957,52.1875,46.88995215311,57.8512396694215,88.0353213172859,17.5745995764521,90.8860659943741,58.8774791833564,55.0193698347107,52.8837156682332,88.0353213172859,54.2303327854131,62.5421849014107
"381","42003563300",,,,,,99.5867768595041,23.4306986510226,50.0831440895504,89.1504068015461,,99.5867768595041,,23.4306986510226,69.6167754455483,64.2114169853583
"382","42003563800",,,,,,68.595041322314,51.4655621084425,38.3668214996189,84.2686306235486,,68.595041322314,,51.4655621084425,61.3177260615837,60.4594431641134
"383","42003563900",,,,,,4.95867768595041,82.155790962673,38.2179928895933,93.0866926847243,,4.95867768595041,,82.155790962673,65.6523427871588,50.9222704785941
"384","42003564000",,,,,,45.0413223140496,64.8195837276975,38.5493375141536,79.9265218994019,,45.0413223140496,,64.8195837276975,59.2379297067777,56.3662785828416
"385","42003564100",,,,,,99.1735537190083,36.2844527709666,55.93483442091,78.9160249876629,,99.1735537190083,,36.2844527709666,67.4254297042864,67.6278120647538
"386","42003564200",,,,,,44.6280991735537,92.7676048730901,34.7014196124452,86.7284432127558,,44.6280991735537,,92.7676048730901,60.7149314126005,66.0368784864148
"387","42003564400",,,,,,91.3223140495868,73.1461156643292,34.5972165964616,86.9872147151183,,91.3223140495868,,73.1461156643292,60.7922156557899,75.086881789902
"388","42003564500",,,,,,19.4214876033058,50.1017938149423,42.6497256428657,77.1738436110317,,19.4214876033058,,50.1017938149423,59.9117846269487,43.1450220150656
"389","42003980000",41.1111111111111,84.9246231155779,80.4347826086957,84.6875,34.9282296650718,,,100,,68.8235056117949,84.6875,51.8758676384333,,100,78.8544558794778
"390","42003980100",,,,,,100,,65.2093669773314,75.4836122648006,,100,,,70.346489621066,85.173244810533
"391","42003980300",,,,,,,,100,,,,,,100,100
"392","42003980400",,,,,,,,100,,,,,,100,100
"393","42003980500",,,,,,100,,37.5125292824696,75.4836122648006,,100,,,56.4980707736351,78.2490353868176
"394","42003980600",,,,,,100,,100,75.4836122648006,,100,,,87.7418061324003,93.8709030662002
"395","42003980700",,,,,,100,,100,75.4836122648006,,100,,,87.7418061324003,93.8709030662002
"396","42003980800",,,,,,,,100,,,,,,100,100
"397","42003980900",80,84.9246231155779,71.7391304347826,31.875,0,,,100,62.1749735807031,78.8879178501202,31.875,39.4439589250601,,81.0874867903516,50.8021485718039
"398","42003981000",,,,,,,,100,,,,,,100,100
"399","42003981100",,,,,,100,,100,75.4836122648006,,100,,,87.7418061324003,93.8709030662002
"400","42003981200",,,,,,,,100,,,,,,100,100
"401","42003981800",0,0,14.3478260869565,52.5,90.9090909090909,100,,100,62.1116754432431,4.78260869565217,76.25,47.8458498023715,,81.0558377216215,68.383895841331
"402","42003982200",100,100,100,77.5,40.1913875598086,100,76.1640609879004,0,99.3193682649459,100,88.75,70.0956937799043,76.1640609879004,49.6596841324729,71.1673597250694
