"","GEOID","Tract","INDI_1_21n1_fam","INDI_1_21n1_sing_women","INDI_1_31n4","INDI_1_31n3","INDI_1_31n7","INDI_1_31n8","INDI_4_22n1","INDI_4_31n1","INDI_4_31n2","INDI_4_31n3","INDI_4_31n4","INDI_4_31n5","INDI_4_31n6","INDI_8_52n1","INDI_8_61n1","INDI_8_61n2_1","INDI_8_61n2_2","Disc_labor","Disc_sc_enroll","STEM_major","INDI_9_22n1","INDI_9_c1n1","inad_plum","inad_rooms","INDI_11_31n2","use_pub_trans","Earn_lessthan_35K_30p_house_cost","percent_of_renters","INDI_1_21n1","INDI_8_61n2","Disc_youth","Inad_house","Goal_1","Goal_4","Goal_8","Goal_9","Goal_11","Opt_Index"
"1","42003010300","Census Tract 103, Allegheny County, Pennsylvania",62,49,72,86,92,98,100,54,63,26,43,6,6,64,24,46,6,32,85,61,98,80,100,85,47,30,43,17,55.5,26,58.5,92.5,80.7,42.5714285714286,46.7,89,45.9,34.4
"2","42003020100","Census Tract 201, Allegheny County, Pennsylvania",88,67,87,78,87,96,100,3,93,11,22,31,45,88,65,97,2,57,91,38,95,83,100,86,67,14,70,18,77.5,49.5,74,93,85.1,43.5714285714286,62.9,89,52.4,61.8
"3","42003020300","Census Tract 203, Allegheny County, Pennsylvania",100,100,98,100,93,100,100,1,96,7,27,47,36,94,88,99,5,100,19,45,87,92,100,51,68,10,91,12,100,52,59.5,75.5,98.2,44.8571428571429,67.7,89.5,51.3,77.2
"4","42003030500","Census Tract 305, Allegheny County, Pennsylvania",65,60,49,55,18,83,100,60,59,18,32,12,5,42,36,40,21,60,61,25,98,53,78,88,45,19,36,24,62.5,30.5,60.5,83,53.5,40.8571428571429,38.8,75.5,41.4,39.8
"5","42003040200","Census Tract 402, Allegheny County, Pennsylvania",72,58,49,85,52,71,0,32,62,14,27,14,19,49,40,68,0,53,88,44,93,67,100,79,52,27,53,26,65,34,70.5,89.5,64.4,24,47.5,80,49.5,42
"6","42003040400","Census Tract 404, Allegheny County, Pennsylvania",89,80,100,90,80,100,,2,94,9,12,34,48,84,40,98,0,44,96,49,98,76,80,49,20,12,39,53,84.5,49,70,64.5,90.9,,58.4,87,37.7,53.2
"7","42003040500","Census Tract 405, Allegheny County, Pennsylvania",51,36,98,83,86,99,100,19,84,21,0,41,16,80,53,81,1,58,95,93,95,90,100,89,15,13,15,5,43.5,41,76.5,94.5,81.9,40.1428571428571,68.7,92.5,28.5,54.6
"8","42003040600","Census Tract 406, Allegheny County, Pennsylvania",87,100,99,95,86,97,,91,88,17,23,29,11,78,61,9,1,68,87,63,97,84,100,85,27,20,22,12,93.5,5,77.5,92.5,94.1,,56.9,90.5,34.7,43.4
"9","42003040900","Census Tract 409, Allegheny County, Pennsylvania",70,51,83,76,78,95,100,34,77,18,48,17,22,68,49,66,0,50,83,75,98,78,100,78,33,12,38,31,60.5,33,66.5,89,78.5,45.1428571428571,58.3,88,40.6,46.6
"10","42003050100","Census Tract 501, Allegheny County, Pennsylvania",58,44,28,38,49,79,32,77,71,29,59,3,5,41,49,23,6,74,43,17,97,49,100,100,60,59,49,28,51,14.5,58.5,100,49,39.4285714285714,36,73,59.2,38.6
"11","42003050600","Census Tract 506, Allegheny County, Pennsylvania",87,73,73,82,57,90,0,30,70,16,31,16,23,79,45,70,45,63,37,28,97,64,100,64,66,9,58,62,80,57.5,50,82,76.4,26.5714285714286,51.9,80.5,55.4,60.4
"12","42003050900","Census Tract 509, Allegheny County, Pennsylvania",46,56,28,47,28,56,67,43,50,24,34,5,1,10,39,57,49,70,31,15,98,45,65,81,72,44,56,10,51,53,50.5,73,42,32,33.5,71.5,51,45
"13","42003051000","Census Tract 510, Allegheny County, Pennsylvania",40,39,60,70,75,94,73,29,69,30,19,8,19,77,41,71,2,33,88,49,98,68,100,100,41,68,24,10,39.5,36.5,60.5,100,67.7,35.2857142857143,52.8,83,48.6,44.8
"14","42003051100","Census Tract 511, Allegheny County, Pennsylvania",100,100,9,100,60,,0,83,38,0,24,8,0,42,52,17,0,,0,0,89,46,100,100,78,100,85,0,100,8.5,,100,,21.8571428571429,,67.5,72.6,22.2
"15","42003060300","Census Tract 603, Allegheny County, Pennsylvania",84,61,78,80,83,89,0,26,84,18,17,32,22,77,72,74,9,74,79,23,86,80,89,80,66,14,67,45,72.5,41.5,76.5,84.5,80.5,28.4285714285714,58,83,55.3,61.2
"16","42003060500","Census Tract 605, Allegheny County, Pennsylvania",95,84,81,96,94,74,100,27,76,17,37,27,16,86,71,73,0,83,42,29,93,74,100,100,76,23,72,51,89.5,36.5,62.5,100,86.9,42.8571428571429,57,83.5,64.4,62.6
"17","42003070300","Census Tract 703, Allegheny County, Pennsylvania",100,100,99,100,98,100,100,11,91,8,14,36,41,95,69,89,0,74,81,33,96,94,100,100,59,24,75,30,100,44.5,77.5,100,99.4,43,63.8,95,57.6,65.4
"18","42003070500","Census Tract 705, Allegheny County, Pennsylvania",90,72,98,87,98,97,100,2,97,3,0,41,52,92,71,98,0,,61,52,94,93,100,91,63,34,66,19,81,49,,95.5,92.2,42.1428571428571,,93.5,55.5,52.2
"19","42003070600","Census Tract 706, Allegheny County, Pennsylvania",100,100,99,100,91,96,100,1,94,7,13,31,52,92,72,99,0,73,57,42,91,92,100,100,64,46,65,38,100,49.5,65,100,97.2,42.5714285714286,64.1,91.5,62.6,67.2
"20","42003070800","Census Tract 708, Allegheny County, Pennsylvania",96,100,100,96,92,100,74,6,96,5,31,32,51,95,66,94,0,,45,52,91,90,100,60,47,26,70,21,98,47,,80,97.2,42.1428571428571,,90.5,48.8,51
"21","42003070900","Census Tract 709, Allegheny County, Pennsylvania",90,44,99,86,90,99,,16,90,5,16,32,44,86,53,84,1,42,88,62,94,89,100,56,35,35,40,29,67,42.5,65,78,88.2,,61.7,91.5,43.4,53.2
"22","42003080200","Census Tract 802, Allegheny County, Pennsylvania",84,62,77,87,54,95,0,13,68,18,37,22,16,94,67,87,0,88,44,34,97,68,100,100,63,24,62,34,73,43.5,66,100,77.2,24.8571428571429,60.9,82.5,56.6,67.2
"23","42003080400","Census Tract 804, Allegheny County, Pennsylvania",84,67,93,89,93,98,62,1,81,11,45,30,30,90,66,99,3,63,74,39,97,83,61,93,47,27,48,32,75.5,51,68.5,77,89.7,37.1428571428571,62.9,90,46.2,64.2
"24","42003080600","Census Tract 806, Allegheny County, Pennsylvania",98,71,95,98,97,92,100,4,86,7,23,35,38,73,72,96,23,71,47,50,96,85,100,75,77,18,76,43,84.5,59.5,59,87.5,93.3,41.8571428571429,62.7,90.5,60.3,67
"25","42003080700","Census Tract 807, Allegheny County, Pennsylvania",87,81,88,89,81,85,0,7,88,8,27,32,40,87,66,93,33,67,58,32,97,82,100,94,56,34,47,17,84,63,62.5,97,85.4,28.8571428571429,62.1,89.5,50.2,69.2
"26","42003080900","Census Tract 809, Allegheny County, Pennsylvania",91,73,91,94,92,100,18,17,87,9,23,36,32,97,78,83,0,53,69,36,95,82,100,95,74,31,79,29,82,41.5,61,97.5,91.8,31.7142857142857,62.7,88.5,62.1,62.2
"27","42003090100","Census Tract 901, Allegheny County, Pennsylvania",90,89,89,88,74,96,100,40,82,10,27,33,21,95,73,60,3,97,35,24,91,70,100,100,83,13,79,46,89.5,31.5,66,100,87.3,44.7142857142857,57.9,80.5,64.2,65.6
"28","42003090200","Census Tract 902, Allegheny County, Pennsylvania",88,86,82,81,96,97,57,26,73,12,39,26,19,86,63,74,7,84,18,21,93,73,87,100,76,25,74,39,87,40.5,51,93.5,88.6,36,52.3,83,61.5,62.8
"29","42003090300","Census Tract 903, Allegheny County, Pennsylvania",95,86,85,96,70,89,70,27,74,16,40,29,12,66,61,73,0,70,48,22,95,74,100,98,61,25,69,38,90.5,36.5,59,99,86.1,38.2857142857143,48.9,84.5,58.4,54
"30","42003100500","Census Tract 1005, Allegheny County, Pennsylvania",84,72,75,76,83,100,55,28,76,21,42,21,17,86,61,72,0,59,56,46,96,72,100,90,53,13,69,68,78,36,57.5,95,82.4,37.1428571428571,57.3,84,59.6,55.6
"31","42003101100","Census Tract 1011, Allegheny County, Pennsylvania",93,85,90,92,74,94,0,19,74,13,29,35,15,90,78,81,2,64,50,33,94,81,100,98,68,13,72,47,89,41.5,57,99,87.8,26.4285714285714,59.9,87.5,59.8,63
"32","42003101400","Census Tract 1014, Allegheny County, Pennsylvania",92,76,89,83,94,94,100,21,74,17,18,28,20,83,64,79,0,63,50,16,95,75,65,89,56,15,72,65,84,39.5,56.5,77,88.8,39.7142857142857,51.8,85,57,57.8
"33","42003101600","Census Tract 1016, Allegheny County, Pennsylvania",53,43,32,58,78,46,70,44,51,16,33,6,9,44,41,56,0,49,59,53,95,75,65,100,38,34,46,29,48,28,54,82.5,52.4,32.7142857142857,44,85,45.9,38
"34","42003101700","Census Tract 1017, Allegheny County, Pennsylvania",70,51,65,78,45,83,100,17,67,27,32,17,11,77,57,83,0,43,38,32,96,73,88,92,71,17,64,47,60.5,41.5,40.5,90,66.3,38.7142857142857,49.6,84.5,57.8,52
"35","42003101800","Census Tract 1018, Allegheny County, Pennsylvania",95,100,97,90,100,100,58,18,77,17,37,26,21,89,67,82,7,66,63,30,94,86,100,100,88,7,80,89,97.5,44.5,64.5,100,96.9,36.2857142857143,59,90,72.8,62.2
"36","42003110200","Census Tract 1102, Allegheny County, Pennsylvania",92,92,87,80,86,98,50,7,80,14,30,23,35,89,66,93,0,66,64,36,96,78,100,100,58,31,64,41,92,46.5,65,100,88.6,34.1428571428571,60.5,87,58.8,62.8
"37","42003110600","Census Tract 1106, Allegheny County, Pennsylvania",90,85,88,86,81,96,38,14,88,9,24,29,41,96,65,86,0,77,50,27,94,84,100,100,60,9,70,69,87.5,43,63.5,100,87.7,34.7142857142857,58.9,89,61.6,64.8
"38","42003111300","Census Tract 1113, Allegheny County, Pennsylvania",88,88,71,80,89,96,56,23,83,20,36,25,23,91,67,77,0,72,66,23,97,79,100,68,55,25,58,30,88,38.5,69,84,84.8,38,57.7,88,50.4,61.4
"39","42003111400","Census Tract 1114, Allegheny County, Pennsylvania",68,41,52,73,79,49,100,40,69,17,60,21,6,61,57,60,2,73,51,15,96,69,87,100,51,38,63,46,54.5,31,62,93.5,61.5,44.7142857142857,45.2,82.5,58.3,50.6
"40","42003111500","Census Tract 1115, Allegheny County, Pennsylvania",81,82,61,72,67,91,72,32,80,19,36,22,22,80,58,68,30,67,59,33,98,70,100,85,62,45,56,11,81.5,49,63,92.5,74.5,40.4285714285714,56.6,84,53.3,60.6
"41","42003120300","Census Tract 1203, Allegheny County, Pennsylvania",80,69,61,75,60,85,65,18,51,16,70,8,8,45,50,82,52,84,61,0,85,71,100,86,47,72,53,43,74.5,67,72.5,93,71.1,33.7142857142857,46.9,78,61.6,62.6
"42","42003120400","Census Tract 1204, Allegheny County, Pennsylvania",53,52,43,77,6,37,0,42,59,22,98,3,0,17,38,58,0,34,51,35,94,44,100,100,35,70,43,43,52.5,29,42.5,100,43.1,32,32.3,69,58.2,29.4
"43","42003120700","Census Tract 1207, Allegheny County, Pennsylvania",68,55,48,88,74,0,0,60,54,22,42,5,1,51,40,40,98,22,80,26,100,48,42,76,50,27,34,40,61.5,69,51,59,54.3,26.2857142857143,47.4,74,42,50.2
"44","42003120800","Census Tract 1208, Allegheny County, Pennsylvania",57,49,41,83,85,51,,100,62,20,42,4,0,13,23,0,0,80,61,57,98,46,33,100,47,43,46,32,53,0,70.5,66.5,62.6,,32.7,72,46.9,23.2
"45","42003130100","Census Tract 1301, Allegheny County, Pennsylvania",48,46,23,39,33,74,91,71,63,21,58,5,4,24,43,29,57,74,67,48,98,51,67,75,51,47,47,36,47,43,70.5,71,43.2,44.7142857142857,45.7,74.5,50.4,45.4
"46","42003130200","Census Tract 1302, Allegheny County, Pennsylvania",63,52,50,61,86,88,22,28,65,28,38,12,9,51,45,72,0,41,88,34,100,69,72,73,43,52,62,57,57.5,36,64.5,72.5,68.5,28.8571428571429,46.1,84.5,57.3,41.8
"47","42003130300","Census Tract 1303, Allegheny County, Pennsylvania",72,69,46,83,33,97,,40,72,34,57,5,9,52,39,60,21,75,52,12,97,52,100,100,70,67,62,39,70.5,40.5,63.5,100,65.9,,41.4,74.5,67.6,49.4
"48","42003130400","Census Tract 1304, Allegheny County, Pennsylvania",58,44,50,70,75,76,78,86,62,14,46,9,4,55,45,14,19,64,52,38,93,45,100,100,33,30,31,59,51,16.5,58,100,64.4,42.7142857142857,42.5,69,50.6,39.4
"49","42003130600","Census Tract 1306, Allegheny County, Pennsylvania",69,48,38,53,0,86,60,17,45,23,30,7,3,48,42,83,19,53,41,24,92,66,89,94,54,25,59,34,58.5,51,47,91.5,47.1,26.4285714285714,42.4,79,52.7,49
"50","42003140100","Census Tract 1401, Allegheny County, Pennsylvania",96,50,97,93,92,100,100,12,95,6,9,27,57,82,43,88,1,34,99,32,97,91,100,100,42,7,84,80,73,44.5,66.5,100,91,43.7142857142857,53.6,94,62.6,49.6
"51","42003140200","Census Tract 1402, Allegheny County, Pennsylvania",84,43,95,82,82,95,,8,96,7,11,33,51,89,57,92,4,48,86,36,97,90,100,100,56,22,70,44,63.5,48,67,100,83.5,,59.4,93.5,58.4,58
"52","42003140300","Census Tract 1403, Allegheny County, Pennsylvania",98,100,98,94,97,100,85,7,91,5,3,23,60,93,72,93,4,69,46,37,97,92,100,76,69,17,83,57,99,48.5,57.5,88,97.6,39.1428571428571,61.6,94.5,62.8,66.2
"53","42003140400","Census Tract 1404, Allegheny County, Pennsylvania",97,100,98,94,98,100,82,5,95,4,3,26,63,94,72,95,0,37,84,34,94,94,100,100,71,7,87,78,98.5,47.5,60.5,100,97.7,39.7142857142857,61.6,94,68.6,59.6
"54","42003140500","Census Tract 1405, Allegheny County, Pennsylvania",80,39,86,76,84,89,100,17,86,11,64,30,26,83,70,83,14,59,73,33,98,84,100,100,66,23,67,32,59.5,48.5,66,100,78.9,47.7142857142857,60.1,91,57.6,61.8
"55","42003140600","Census Tract 1406, Allegheny County, Pennsylvania",92,61,94,80,92,99,89,5,94,10,18,32,48,86,74,95,0,65,75,39,95,92,100,92,66,19,76,63,76.5,47.5,70,96,88.3,42.2857142857143,63.3,93.5,64,64
"56","42003140800","Census Tract 1408, Allegheny County, Pennsylvania",100,100,89,100,95,95,83,9,92,8,10,32,48,90,62,91,3,51,71,38,95,92,60,89,64,21,78,48,100,47,61,74.5,95.8,40.2857142857143,59.6,93.5,57.1,59.4
"57","42003141000","Census Tract 1410, Allegheny County, Pennsylvania",98,100,97,99,100,67,65,10,92,6,12,26,54,84,66,90,0,64,77,34,94,84,78,100,64,23,88,75,99,45,70.5,89,92.4,37.8571428571429,59.9,89,67.8,60.8
"58","42003141100","Census Tract 1411, Allegheny County, Pennsylvania",98,79,88,98,98,22,65,17,71,10,33,20,29,85,66,83,32,78,53,34,97,80,100,99,52,17,77,86,88.5,57.5,65.5,99.5,78.9,35,61.6,88.5,66.3,68.8
"59","42003141300","Census Tract 1413, Allegheny County, Pennsylvania",92,45,91,79,90,98,69,16,86,6,25,34,36,95,58,84,0,50,72,65,96,84,100,67,59,31,64,33,68.5,42,61,83.5,85.3,38.8571428571429,64.2,90,54.1,57.4
"60","42003141400","Census Tract 1414, Allegheny County, Pennsylvania",98,90,95,92,89,97,64,10,89,10,19,35,37,89,59,90,5,59,67,46,96,82,32,92,59,20,68,50,94,47.5,63,62,93.4,37.7142857142857,60.9,89,51.8,60.4
"61","42003151600","Census Tract 1516, Allegheny County, Pennsylvania",98,92,90,95,93,100,15,25,72,14,28,24,21,82,66,75,44,50,69,41,98,70,100,92,79,19,85,60,95,59.5,59.5,96,94.6,28.4285714285714,61.6,84,67.8,63.4
"62","42003151700","Census Tract 1517, Allegheny County, Pennsylvania",94,80,90,76,87,95,71,12,79,13,29,26,30,82,71,88,6,85,52,33,94,84,87,100,77,16,81,59,87,47,68.5,93.5,87,37.1428571428571,60.3,89,65.3,66.4
"63","42003160800","Census Tract 1608, Allegheny County, Pennsylvania",89,89,75,82,78,88,0,25,69,13,54,27,11,83,67,75,2,71,52,43,93,83,100,77,65,14,71,45,89,38.5,61.5,88.5,82.4,28.4285714285714,58.6,88,56.7,59.6
"64","42003160900","Census Tract 1609, Allegheny County, Pennsylvania",95,100,81,93,83,97,100,18,79,7,33,30,30,90,65,82,0,61,79,43,94,84,100,93,76,9,69,31,97.5,41,70,96.5,90.3,42.4285714285714,61.8,89,56.3,59.6
"65","42003170200","Census Tract 1702, Allegheny County, Pennsylvania",97,62,88,97,95,98,0,11,76,11,13,35,24,92,75,89,1,78,79,44,97,76,100,100,54,15,64,49,79.5,45,78.5,100,91.5,24.2857142857143,66.9,86.5,56.4,67
"66","42003170600","Census Tract 1706, Allegheny County, Pennsylvania",95,84,79,96,92,90,0,24,74,18,34,24,18,81,68,76,2,83,37,26,96,81,100,85,64,10,70,55,89.5,39,60,92.5,89.3,27.4285714285714,54.8,88.5,58.3,62
"67","42003180300","Census Tract 1803, Allegheny County, Pennsylvania",78,71,37,65,47,73,16,27,55,28,28,10,4,70,56,73,0,77,78,48,96,61,86,100,55,30,60,39,74.5,36.5,77.5,93,59.3,24,57.6,78.5,55.4,55.2
"68","42003180700","Census Tract 1807, Allegheny County, Pennsylvania",89,56,75,88,77,93,0,19,67,20,44,23,9,89,64,81,29,78,50,38,97,79,100,96,63,12,62,49,72.5,55,64,98,81.1,26,62,88,56.8,68.2
"69","42003190300","Census Tract 1903, Allegheny County, Pennsylvania",92,100,94,91,67,100,0,11,80,19,32,31,20,98,70,89,13,81,45,35,93,84,100,100,78,26,78,59,96,51,63,100,89.6,27.5714285714286,63.4,88.5,68.2,70.2
"70","42003191100","Census Tract 1911, Allegheny County, Pennsylvania",90,65,91,84,93,98,60,23,73,17,27,26,18,97,67,77,9,79,56,35,93,78,89,100,81,7,75,66,77.5,43,67.5,94.5,88.7,34.8571428571429,61.9,85.5,64.7,65.8
"71","42003191400","Census Tract 1914, Allegheny County, Pennsylvania",78,65,79,69,91,92,0,23,73,16,42,28,13,89,76,77,0,94,44,25,92,80,100,100,78,21,71,36,71.5,38.5,69,100,80.5,27.8571428571429,59.5,86,61.2,67.2
"72","42003191500","Census Tract 1915, Allegheny County, Pennsylvania",94,78,86,95,67,86,40,37,69,13,54,25,9,82,69,63,0,87,24,47,86,77,100,88,71,36,66,38,86,31.5,55.5,94,84,35.2857142857143,57,81.5,61,60.2
"73","42003191600","Census Tract 1916, Allegheny County, Pennsylvania",85,67,85,59,80,99,88,57,74,22,51,18,6,91,66,43,14,76,31,25,93,74,69,100,77,21,73,63,76,28.5,53.5,84.5,79.8,45.1428571428571,52.8,83.5,63.7,58
"74","42003191700","Census Tract 1917, Allegheny County, Pennsylvania",92,78,85,79,82,86,63,31,70,14,56,20,14,76,62,69,8,57,66,33,96,84,100,96,54,13,72,74,85,38.5,61.5,98,83.4,38.2857142857143,54.2,90,62.2,54.4
"75","42003191800","Census Tract 1918, Allegheny County, Pennsylvania",96,88,85,84,89,100,22,27,62,18,34,21,7,80,60,73,11,45,55,28,95,86,100,91,58,9,75,77,92,42,50,95.5,90,27.2857142857143,52,90.5,62.9,53.8
"76","42003191900","Census Tract 1919, Allegheny County, Pennsylvania",90,80,82,87,85,82,49,22,71,17,61,21,14,94,70,78,35,70,57,29,94,77,85,100,68,14,67,59,85,56.5,63.5,92.5,84.2,36.4285714285714,62.6,85.5,60.1,69.4
"77","42003192000","Census Tract 1920, Allegheny County, Pennsylvania",91,85,84,78,76,90,61,25,66,18,46,23,7,78,65,75,25,81,72,34,93,77,100,84,59,21,73,61,88,50,76.5,92,83.2,35.1428571428571,60.7,85,61.2,64.8
"78","42003202200","Census Tract 2022, Allegheny County, Pennsylvania",75,57,59,43,77,84,34,36,69,25,50,17,5,68,62,64,45,73,59,69,88,83,100,100,58,20,68,60,66,54.5,66,100,65.8,33.7142857142857,63.9,85.5,61.2,62.4
"79","42003202300","Census Tract 2023, Allegheny County, Pennsylvania",100,100,93,100,97,97,0,27,72,12,40,28,15,92,69,73,8,92,31,39,97,83,100,100,76,5,78,54,100,40.5,61.5,100,97.4,27.7142857142857,60.4,90,62.6,66.8
"80","42003210700","Census Tract 2107, Allegheny County, Pennsylvania",85,69,65,82,69,86,50,18,81,29,59,27,7,80,64,82,0,70,35,23,95,77,100,100,69,23,62,52,77,41,52.5,100,75.8,38.7142857142857,52.1,86,61.2,59.2
"81","42003220600","Census Tract 2206, Allegheny County, Pennsylvania",96,72,79,97,66,84,37,36,87,17,27,30,23,89,68,64,14,52,47,30,92,70,100,94,72,9,69,38,84,39,49.5,97,82,36.7142857142857,55.1,81,57,57.4
"82","42003240600","Census Tract 2406, Allegheny County, Pennsylvania",86,45,82,82,47,88,68,17,69,7,52,20,26,85,67,83,14,53,69,41,91,82,100,100,52,15,69,48,65.5,48.5,61,100,72.9,37,60.5,86.5,56.8,60.4
"83","42003241200","Census Tract 2412, Allegheny County, Pennsylvania",88,72,58,93,68,83,,63,46,10,22,8,5,92,51,37,19,52,54,11,88,64,100,100,63,22,68,70,80,28,53,100,76.4,,47,76,64.6,50.2
"84","42003250300","Census Tract 2503, Allegheny County, Pennsylvania",71,47,70,81,75,84,25,23,75,16,38,20,24,91,71,77,0,64,57,31,94,86,100,91,43,14,61,47,59,38.5,60.5,95.5,73.8,31.5714285714286,58.4,90,52.1,60.6
"85","42003250700","Census Tract 2507, Allegheny County, Pennsylvania",53,39,31,84,37,41,62,46,63,22,48,11,6,63,58,54,3,93,19,31,100,43,100,100,73,37,56,41,46,28.5,56,100,47.8,36.8571428571429,47.3,71.5,61.4,54.2
"86","42003250900","Census Tract 2509, Allegheny County, Pennsylvania",79,58,47,81,44,57,100,23,57,19,62,12,5,41,54,77,48,52,54,16,99,56,100,96,76,29,57,43,68.5,62.5,53,98,59.5,39.7142857142857,45.3,77.5,60.6,54.4
"87","42003260200","Census Tract 2602, Allegheny County, Pennsylvania",86,81,72,84,69,80,24,31,71,21,42,20,12,73,64,69,19,63,73,17,93,73,100,93,55,15,77,66,83.5,44,68,96.5,77.7,31.5714285714286,53.2,83,61.9,57.6
"88","42003260700","Census Tract 2607, Allegheny County, Pennsylvania",98,92,84,97,93,72,57,36,84,17,51,29,16,75,70,64,16,61,43,23,93,77,100,100,49,22,80,66,95,40,52,100,88.2,41.4285714285714,52,85,63.4,57.2
"89","42003260900","Census Tract 2609, Allegheny County, Pennsylvania",33,26,0,26,14,73,42,78,43,8,28,2,5,45,43,22,37,15,62,27,91,53,100,61,61,71,38,4,29.5,29.5,38.5,80.5,28.5,29.4285714285714,36.6,72,50.9,32.4
"90","42003261200","Census Tract 2612, Allegheny County, Pennsylvania",100,100,96,100,100,84,0,22,67,19,40,23,10,89,69,78,6,71,47,19,97,78,100,72,81,5,86,77,100,42,59,86,96,25.8571428571429,55.6,87.5,67,62.6
"91","42003261400","Census Tract 2614, Allegheny County, Pennsylvania",73,48,62,81,83,94,50,37,58,14,44,13,10,67,50,63,19,93,59,5,82,66,100,83,53,17,57,43,60.5,41,76,91.5,76.1,32.2857142857143,47.8,74,52.3,58.4
"92","42003261500","Census Tract 2615, Allegheny County, Pennsylvania",73,49,51,74,62,80,16,31,76,22,84,18,9,65,53,69,24,31,74,22,94,58,87,100,42,32,47,46,61,46.5,52.5,93.5,65.6,36.5714285714286,47.8,76,52.1,48.4
"93","42003262000","Census Tract 2620, Allegheny County, Pennsylvania",61,27,59,28,56,86,53,34,58,23,38,9,8,70,60,66,0,46,80,22,98,66,22,100,63,15,71,62,44,33,63,61,54.6,31.8571428571429,49.6,82,54.4,48.4
"94","42003270100","Census Tract 2701, Allegheny County, Pennsylvania",94,78,84,90,92,89,29,20,79,21,38,27,18,90,65,80,14,29,52,16,92,83,100,92,74,13,81,75,86,47,40.5,96,88.2,33.1428571428571,51.7,87.5,67.8,55.6
"95","42003270300","Census Tract 2703, Allegheny County, Pennsylvania",91,92,67,89,68,100,100,44,58,13,50,15,7,91,55,56,65,35,71,24,96,63,100,91,54,16,60,54,91.5,60.5,53,95.5,83.1,41,56.7,79.5,55.9,60.4
"96","42003270400","Census Tract 2704, Allegheny County, Pennsylvania",84,62,68,87,59,62,0,38,64,26,33,14,6,68,61,62,44,61,61,24,100,88,100,100,67,13,80,66,73,53,61,100,69.8,25.8571428571429,53.4,94,65.2,59.2
"97","42003270800","Census Tract 2708, Allegheny County, Pennsylvania",85,80,84,73,96,81,100,14,69,18,47,27,9,65,56,86,11,43,62,27,94,77,100,100,44,9,75,78,82.5,48.5,52.5,100,83.3,40.5714285714286,49.8,85.5,61.2,52.2
"98","42003271500","Census Tract 2715, Allegheny County, Pennsylvania",81,68,65,65,70,87,43,52,67,15,53,20,5,55,56,48,15,62,34,37,93,69,100,47,73,20,72,74,74.5,31.5,48,73.5,72.3,36.4285714285714,45.5,81,62.5,47.2
"99","42003281400","Census Tract 2814, Allegheny County, Pennsylvania",65,36,53,33,66,87,65,42,68,21,53,19,4,71,56,58,26,39,52,42,91,74,66,87,61,29,62,57,50.5,42,45.5,76.5,57.9,38.8571428571429,51.3,82.5,57.1,50
"100","42003281500","Census Tract 2815, Allegheny County, Pennsylvania",99,93,81,99,74,48,58,24,69,28,51,18,4,80,64,76,0,83,78,10,95,77,88,100,67,7,80,61,96,38,80.5,94,79.6,36,54.5,86,61.8,60.6
"101","42003290100","Census Tract 2901, Allegheny County, Pennsylvania",92,82,65,89,65,79,55,29,59,23,62,12,2,66,59,71,38,55,56,9,97,79,100,82,58,18,67,58,87,54.5,55.5,91,77,34.5714285714286,48.8,88,58.4,57.8
"102","42003290200","Census Tract 2902, Allegheny County, Pennsylvania",90,80,73,71,70,89,32,53,66,21,47,12,8,69,61,47,10,62,59,38,94,75,77,76,57,20,65,57,85,28.5,60.5,76.5,77.6,34.1428571428571,51.4,84.5,55.1,49.8
"103","42003290400","Census Tract 2904, Allegheny County, Pennsylvania",78,56,65,35,58,84,52,52,62,16,68,13,3,52,53,48,30,84,44,40,92,73,100,87,40,18,62,60,67,39,64,93.5,61.8,38,49.6,82.5,54.7,53.4
"104","42003300100","Census Tract 3001, Allegheny County, Pennsylvania",76,70,64,45,47,85,100,53,53,13,54,7,6,45,53,47,88,47,68,32,92,68,100,89,54,33,61,58,73,67.5,57.5,94.5,62.8,40.8571428571429,51,80,60.1,56
"105","42003310200","Census Tract 3102, Allegheny County, Pennsylvania",95,100,80,86,81,91,35,34,55,16,45,15,4,71,53,66,38,59,58,37,97,70,79,75,82,5,84,94,97.5,52,58.5,77,87.1,29.1428571428571,54.3,83.5,68.4,57.4
"106","42003310300","Census Tract 3103, Allegheny County, Pennsylvania",100,100,91,100,98,13,20,52,73,11,57,19,15,88,64,48,35,67,86,27,98,72,100,100,100,0,86,98,100,41.5,76.5,100,80.4,35.2857142857143,59.4,85,76.8,60.4
"107","42003320400","Census Tract 3204, Allegheny County, Pennsylvania",87,58,81,80,83,89,24,18,48,11,65,10,7,69,52,82,53,58,85,48,95,78,100,100,45,12,73,80,72.5,67.5,71.5,100,81.1,26.1428571428571,61.6,86.5,62,62.8
"108","42003320600","Census Tract 3206, Allegheny County, Pennsylvania",91,86,83,85,81,78,0,13,63,15,59,21,10,75,66,87,43,52,60,32,94,76,100,86,66,10,80,79,88.5,65,56,93,83.1,25.8571428571429,58.8,85,65.6,64.6
"109","42003320700","Census Tract 3207, Allegheny County, Pennsylvania",89,100,90,88,71,81,0,42,63,15,76,13,7,76,60,58,0,73,78,41,96,79,100,66,43,12,69,82,94.5,29,75.5,83,84.9,30.8571428571429,56.3,87.5,57.8,53.4
"110","42003401100","Census Tract 4011, Allegheny County, Pennsylvania",95,77,89,79,80,91,40,20,60,13,76,15,9,83,62,80,30,49,60,39,89,76,100,95,65,0,84,73,86,55,54.5,97.5,85,33.2857142857143,58.7,82.5,63.9,60.8
"111","42003401200","Census Tract 4012, Allegheny County, Pennsylvania",74,31,62,47,71,89,0,29,52,17,36,15,4,74,50,71,34,63,59,39,79,65,100,85,60,1,58,51,52.5,52.5,61,92.5,64.3,21.8571428571429,55.3,72,52.5,58.4
"112","42003401300","Census Tract 4013, Allegheny County, Pennsylvania",98,90,95,95,95,91,17,10,60,17,59,21,6,79,61,90,30,67,47,36,83,86,100,100,89,1,88,91,94,60,57,100,94,27.1428571428571,58.6,84.5,73.8,65.4
"113","42003402000","Census Tract 4020, Allegheny County, Pennsylvania",90,81,74,81,77,84,18,20,55,19,60,10,8,82,60,80,25,79,43,30,87,76,100,87,59,3,75,61,85.5,52.5,61,93.5,80.3,27.1428571428571,57.1,81.5,58.3,65.2
"114","42003403500","Census Tract 4035, Allegheny County, Pennsylvania",82,74,62,39,54,91,44,23,54,17,50,17,3,67,55,77,35,49,61,64,85,59,100,100,73,6,74,47,78,56,55,100,64.8,29.7142857142857,59.4,72,60,56.6
"115","42003404000","Census Tract 4040, Allegheny County, Pennsylvania",89,65,83,89,69,82,78,29,66,24,62,14,6,66,65,71,18,93,49,41,81,73,73,100,46,6,72,67,77,44.5,71,86.5,80,39.8571428571429,57.5,77,55.5,62.6
"116","42003405000","Census Tract 4050, Allegheny County, Pennsylvania",96,100,92,97,93,100,60,17,51,20,44,16,1,91,64,83,31,84,87,60,83,69,100,100,71,1,82,87,98,57,85.5,100,96,29.8571428571429,71.5,76,68.2,70.6
"117","42003406000","Census Tract 4060, Allegheny County, Pennsylvania",97,83,93,94,95,88,74,19,53,16,60,13,5,88,60,81,8,62,62,55,89,76,100,87,82,2,84,82,90,44.5,62,93.5,92,34.2857142857143,61.9,82.5,68.7,59.8
"118","42003407001","Census Tract 4070.01, Allegheny County, Pennsylvania",98,85,98,94,100,100,70,28,63,12,65,19,9,87,63,72,6,64,59,42,85,86,100,100,55,1,75,85,91.5,39,61.5,100,96.7,38,58.5,85.5,63.2,58.4
"119","42003407002","Census Tract 4070.02, Allegheny County, Pennsylvania",97,80,93,83,87,93,75,15,65,18,60,24,5,88,63,85,8,59,76,41,84,82,100,96,55,0,76,89,88.5,46.5,67.5,98,88.9,37.4285714285714,61.2,83,63.6,60.6
"120","42003408001","Census Tract 4080.01, Allegheny County, Pennsylvania",93,61,94,72,85,97,47,19,72,11,45,26,20,92,58,81,19,75,77,48,92,84,100,100,30,3,70,76,77,50,76,100,85,34.2857142857143,64.8,88,55.8,65
"121","42003408002","Census Tract 4080.02, Allegheny County, Pennsylvania",97,95,96,84,86,94,67,4,74,11,41,34,20,92,66,96,23,62,78,33,92,92,100,100,93,0,88,92,96,59.5,70,100,91.2,35.8571428571429,64.1,92,74.6,67.8
"122","42003409000","Census Tract 4090, Allegheny County, Pennsylvania",98,60,100,77,97,96,84,0,91,11,27,41,33,86,65,100,39,50,85,43,92,97,100,100,89,3,94,84,79,69.5,67.5,100,89.8,41,66.2,94.5,74,68
"123","42003410000","Census Tract 4100, Allegheny County, Pennsylvania",100,100,92,100,83,56,78,4,89,13,37,39,27,91,58,96,52,32,90,45,90,93,100,100,85,2,91,94,100,74,61,100,86.2,41,65.8,91.5,74.4,65.8
"124","42003411000","Census Tract 4110, Allegheny County, Pennsylvania",98,87,99,89,100,90,76,9,89,10,21,33,39,81,60,91,38,51,84,43,91,89,88,100,62,1,90,89,92.5,64.5,67.5,94,94.1,39.5714285714286,63.2,90,67.2,64.2
"125","42003412001","Census Tract 4120.01, Allegheny County, Pennsylvania",99,100,99,95,100,100,53,5,87,11,22,34,36,86,63,95,9,44,90,47,91,95,65,99,54,2,92,91,99.5,52,67,82,98.7,35.4285714285714,63,93,64.2,59.4
"126","42003412002","Census Tract 4120.02, Allegheny County, Pennsylvania",100,100,98,98,100,87,58,4,89,10,28,35,37,87,64,96,37,43,86,51,90,95,100,95,73,1,93,96,100,66.5,64.5,97.5,96.6,37.2857142857143,66.6,92.5,72.1,65.4
"127","42003413100","Census Tract 4131, Allegheny County, Pennsylvania",95,77,96,72,93,100,93,8,86,9,29,35,34,91,64,92,39,42,81,45,93,92,100,100,95,3,90,72,86,65.5,61.5,100,89.4,42,65.4,92.5,72,65.6
"128","42003413201","Census Tract 4132.01, Allegheny County, Pennsylvania",100,100,99,98,98,100,69,6,82,15,40,38,19,96,64,94,15,49,80,47,94,93,100,100,65,3,81,81,100,54.5,64.5,100,99,38.4285714285714,65.2,93.5,66,63.6
"129","42003413202","Census Tract 4132.02, Allegheny County, Pennsylvania",98,94,95,95,90,100,83,4,76,19,33,27,21,92,62,96,29,39,86,39,91,87,100,100,68,2,81,85,96,62.5,62.5,100,95.2,37.5714285714286,63.6,89,67.2,63.6
"130","42003413300","Census Tract 4133, Allegheny County, Pennsylvania",99,92,97,96,100,100,60,17,76,12,37,30,21,87,59,83,17,62,74,39,93,85,100,97,71,2,86,87,95.5,50,68,98.5,97.7,36.1428571428571,60.6,89,68.9,61.6
"131","42003413400","Census Tract 4134, Allegheny County, Pennsylvania",98,93,99,92,100,100,36,17,82,12,38,29,28,91,59,83,6,65,71,44,89,87,100,95,23,5,87,90,95.5,44.5,68,97.5,97.3,34.5714285714286,61.3,88,60.5,60.8
"132","42003413500","Census Tract 4135, Allegheny County, Pennsylvania",98,78,98,90,100,100,64,13,81,10,34,34,26,88,64,87,7,57,89,40,97,81,100,94,51,1,70,52,88,47,73,97,95.2,37.4285714285714,62.4,89,54.2,60.6
"133","42003414101","Census Tract 4141.01, Allegheny County, Pennsylvania",99,89,98,95,100,99,84,4,70,14,44,29,16,96,72,96,18,70,68,43,90,92,100,100,29,2,90,98,94,57,69,100,97.2,37.2857142857143,67.4,91,63.8,70.4
"134","42003414102","Census Tract 4141.02, Allegheny County, Pennsylvania",98,94,95,88,94,98,43,18,77,10,28,34,22,96,63,82,42,53,84,45,92,85,100,91,52,1,81,77,96,62,68.5,95.5,94.2,33.1428571428571,66.9,88.5,61.3,67.2
"135","42003414200","Census Tract 4142, Allegheny County, Pennsylvania",98,78,92,88,95,93,75,7,82,17,41,31,23,89,61,93,0,37,88,46,91,91,100,93,56,1,82,89,88,46.5,62.5,96.5,91.2,39.4285714285714,61,91,64.9,56
"136","42003415001","Census Tract 4150.01, Allegheny County, Pennsylvania",96,75,93,87,90,97,58,19,70,14,48,22,17,94,67,81,15,67,79,39,91,88,100,100,73,2,92,87,85.5,48,73,100,90.5,35.4285714285714,64.2,89.5,70.8,64.8
"137","42003415002","Census Tract 4150.02, Allegheny County, Pennsylvania",96,84,96,93,100,82,76,11,79,12,27,24,34,85,60,89,13,35,80,45,90,87,90,100,74,0,89,88,90,51,57.5,95,92.2,37.5714285714286,59.7,88.5,69.2,56.4
"138","42003416000","Census Tract 4160, Allegheny County, Pennsylvania",90,55,86,88,83,93,0,18,57,21,48,14,6,86,57,82,6,82,49,35,89,70,100,100,67,2,74,80,72.5,44,65.5,100,84.5,23.4285714285714,57.5,79.5,64.6,62.6
"139","42003417100","Census Tract 4171, Allegheny County, Pennsylvania",94,71,89,91,85,100,41,18,64,18,84,14,9,88,61,82,0,55,58,26,83,81,100,100,66,4,80,77,82.5,41,56.5,100,89.5,35.4285714285714,54.5,82,65.4,57.2
"140","42003417200","Census Tract 4172, Allegheny County, Pennsylvania",94,91,71,95,70,50,72,21,54,21,39,11,7,75,62,79,0,81,43,12,85,65,100,100,76,4,69,50,92.5,39.5,62,100,75.7,32.1428571428571,50.1,75,59.8,59.4
"141","42003418000","Census Tract 4180, Allegheny County, Pennsylvania",96,79,92,94,88,95,56,13,69,17,45,27,11,73,58,87,70,63,78,44,84,74,100,97,70,7,80,85,87.5,78.5,70.5,98.5,91.3,34,64.8,79,68.1,70.2
"142","42003419000","Census Tract 4190, Allegheny County, Pennsylvania",95,68,88,88,98,97,51,24,65,19,45,18,12,86,51,76,14,50,64,21,87,73,100,85,76,3,82,71,81.5,45,57,92.5,90.5,33.4285714285714,52,80,64.9,55.4
"143","42003420000","Census Tract 4200, Allegheny County, Pennsylvania",90,61,73,90,95,91,36,36,76,19,37,18,21,87,64,64,0,89,59,44,91,74,100,85,76,8,70,42,75.5,32,74,92.5,84.9,34.7142857142857,60.2,82.5,57.7,60.8
"144","42003421100","Census Tract 4211, Allegheny County, Pennsylvania",98,100,93,95,94,88,62,14,88,13,35,28,36,84,55,86,44,28,78,49,90,84,100,100,48,4,78,71,99,65,53,100,93.8,39.4285714285714,61.2,87,60.2,59.4
"145","42003421200","Census Tract 4212, Allegheny County, Pennsylvania",97,73,94,90,92,92,60,9,81,14,31,25,32,93,65,91,45,45,81,46,89,89,87,100,48,2,86,92,85,68,63,93.5,90.6,36,67,89,64.3,67.8
"146","42003422000","Census Tract 4220, Allegheny County, Pennsylvania",100,100,99,98,99,100,85,3,97,9,19,30,52,85,57,97,41,11,81,35,93,93,100,93,50,1,93,94,100,69,46,96.5,99.2,42.1428571428571,58.4,93,66.9,58.2
"147","42003423000","Census Tract 4230, Allegheny County, Pennsylvania",97,95,99,93,100,94,72,12,86,12,23,30,36,79,66,88,5,73,61,34,95,87,100,83,78,6,81,56,96,46.5,67,91.5,96.4,38.7142857142857,58.5,91,62.5,62.2
"148","42003424000","Census Tract 4240, Allegheny County, Pennsylvania",84,78,68,64,45,90,39,41,59,16,54,16,4,60,58,59,34,68,55,25,90,70,100,94,54,10,63,43,81,46.5,61.5,97,69.6,32.7142857142857,50.2,80,53.4,55.8
"149","42003425000","Census Tract 4250, Allegheny County, Pennsylvania",94,89,73,86,87,98,58,28,64,21,55,16,6,86,66,72,26,72,41,33,90,73,91,100,66,6,64,63,91.5,49,56.5,95.5,87.1,35.4285714285714,58.1,81.5,58.9,64.4
"150","42003426300","Census Tract 4263, Allegheny County, Pennsylvania",99,100,99,96,93,83,38,11,72,13,42,27,19,84,63,89,8,82,75,39,94,88,100,95,61,5,91,95,99.5,48.5,78.5,97.5,94.1,31.7142857142857,62.6,91,69.9,65.2
"151","42003426400","Census Tract 4264, Allegheny County, Pennsylvania",99,100,91,96,88,87,100,12,67,17,74,17,13,81,68,88,9,86,51,48,93,81,100,94,76,1,81,78,99.5,48.5,68.5,97,92.3,42.8571428571429,62.8,87,66.6,66.4
"152","42003426700","Census Tract 4267, Allegheny County, Pennsylvania",98,87,94,97,99,93,28,46,73,22,38,18,11,84,62,54,0,68,64,33,95,81,100,100,73,1,78,69,92.5,27,66,100,95.1,33.7142857142857,54.4,88,64.2,53.6
"153","42003426800","Census Tract 4268, Allegheny County, Pennsylvania",97,100,99,87,99,92,63,16,70,16,51,24,14,89,64,84,6,58,86,51,92,86,100,100,66,1,86,94,98.5,45,72,100,95.1,36.2857142857143,64.2,89,69.4,60.2
"154","42003427000","Census Tract 4270, Allegheny County, Pennsylvania",82,62,67,59,80,96,30,30,65,28,49,14,4,86,69,70,19,89,47,27,93,69,93,94,64,10,63,41,72,44.5,68,93.5,74.8,31.4285714285714,58.9,81,54.3,66.6
"155","42003427100","Census Tract 4271, Allegheny County, Pennsylvania",96,78,100,84,100,95,100,16,65,14,55,22,12,83,61,84,18,51,72,37,86,83,100,100,0,2,87,99,87,51,61.5,100,93.2,40.5714285714286,58.7,84.5,57.6,59.4
"156","42003427200","Census Tract 4272, Allegheny County, Pennsylvania",92,82,92,71,78,88,51,18,67,17,61,16,16,73,62,82,6,58,53,41,92,79,100,85,76,4,80,72,87,44,55.5,92.5,83.2,35.1428571428571,55.1,85.5,64.9,56.2
"157","42003428100","Census Tract 4281, Allegheny County, Pennsylvania",94,96,87,94,99,21,0,22,61,21,70,16,3,83,60,78,14,76,46,14,90,62,100,100,61,4,69,74,95,46,61,100,79.2,27.5714285714286,52.8,76,61.6,62.2
"158","42003428200","Census Tract 4282, Allegheny County, Pennsylvania",99,100,95,99,97,100,0,22,61,12,67,19,10,88,67,78,0,67,70,41,90,78,100,100,88,2,86,87,99.5,39,68.5,100,98.1,27.2857142857143,60.7,84,72.6,60
"159","42003429100","Census Tract 4291, Allegheny County, Pennsylvania",95,90,94,91,81,81,,13,77,18,53,28,15,84,65,87,8,61,60,33,91,75,100,82,57,5,74,60,92.5,47.5,60.5,91,87.9,,58,83,57.4,61
"160","42003429201","Census Tract 4292.01, Allegheny County, Pennsylvania",98,77,99,92,100,97,66,24,80,14,25,32,22,93,62,76,16,42,75,44,91,94,100,83,72,8,87,78,87.5,46,58.5,91.5,95.1,37.5714285714286,60.7,92.5,67.3,57.8
"161","42003429202","Census Tract 4292.02, Allegheny County, Pennsylvania",98,74,97,91,98,100,85,8,83,16,60,32,20,91,65,92,0,77,66,48,87,90,100,95,70,3,83,94,86,46,71.5,97.5,94.4,43.4285714285714,64.3,88.5,69.5,65
"162","42003429300","Census Tract 4293, Allegheny County, Pennsylvania",100,100,97,100,96,82,41,22,69,15,23,24,18,87,60,78,0,76,59,36,91,76,100,100,55,1,82,84,100,39,67.5,100,95,30.2857142857143,57.9,83.5,64.4,60.2
"163","42003429400","Census Tract 4294, Allegheny County, Pennsylvania",96,95,87,87,95,90,22,14,71,15,59,24,15,89,70,86,10,76,61,37,92,86,81,97,71,2,89,84,95.5,48,68.5,89,90.9,31.4285714285714,62.5,89,67,66.2
"164","42003429500","Census Tract 4295, Allegheny County, Pennsylvania",98,100,92,95,93,87,100,30,85,19,42,30,18,87,62,70,0,80,50,43,97,76,100,100,65,9,73,56,99,35,65,100,93.2,46.2857142857143,58.4,86.5,60.6,59.8
"165","42003429600","Census Tract 4296, Allegheny County, Pennsylvania",97,90,95,95,95,91,42,19,77,12,49,35,14,90,70,81,42,71,41,46,94,86,100,100,67,8,77,65,93.5,61.5,56,100,93.9,35.4285714285714,64.7,90,63.4,70.8
"166","42003429700","Census Tract 4297, Allegheny County, Pennsylvania",98,85,86,97,99,100,69,6,62,16,44,23,11,90,60,94,30,54,79,27,92,82,100,95,35,9,76,88,91.5,62,66.5,97.5,94.7,33,61.1,87,61.1,65.6
"167","42003430100","Census Tract 4301, Allegheny County, Pennsylvania",94,90,91,91,88,85,37,24,72,15,67,27,9,87,75,76,16,91,64,25,91,80,90,100,67,10,74,75,92,46,77.5,95,89.4,35.8571428571429,62.1,85.5,64.2,69
"168","42003430200","Census Tract 4302, Allegheny County, Pennsylvania",99,94,83,97,96,100,30,19,64,15,73,18,10,87,72,81,27,64,58,54,95,76,100,100,73,7,76,67,96.5,54,61,100,94.5,32.7142857142857,65.6,85.5,64.6,66.2
"169","42003431100","Census Tract 4311, Allegheny County, Pennsylvania",91,64,77,80,58,92,50,11,75,26,37,26,12,83,73,89,30,68,50,18,88,77,87,88,65,20,68,44,77.5,59.5,59,87.5,76.9,33.8571428571429,58.5,82.5,56.9,68.6
"170","42003431400","Census Tract 4314, Allegheny County, Pennsylvania",91,57,71,89,75,100,46,24,72,15,73,25,9,86,65,76,6,74,76,27,90,76,74,100,53,9,65,47,74,41,75,87,81.8,37.7142857142857,58.8,83,52.2,61.4
"171","42003431500","Census Tract 4315, Allegheny County, Pennsylvania",86,75,73,75,77,93,0,34,69,15,57,21,10,90,71,66,25,79,58,32,94,78,100,94,61,16,61,24,80.5,45.5,68.5,97,79.7,29.4285714285714,61.4,86,51.8,66.2
"172","42003432300","Census Tract 4323, Allegheny County, Pennsylvania",97,90,90,96,84,83,42,21,61,16,74,18,5,95,63,79,6,58,85,50,97,62,100,100,66,13,58,49,93.5,42.5,71.5,100,89.3,33.8571428571429,64.4,79.5,57.2,60.2
"173","42003432400","Census Tract 4324, Allegheny County, Pennsylvania",97,100,88,95,88,92,31,11,67,17,55,25,9,83,70,89,0,88,77,26,95,70,100,100,65,10,63,53,98.5,44.5,82.5,100,92.3,30.7142857142857,61.2,82.5,58.2,66
"174","42003434000","Census Tract 4340, Allegheny County, Pennsylvania",99,92,93,98,94,90,79,7,86,13,23,36,30,92,70,93,23,62,79,32,92,90,100,100,71,4,88,79,95.5,58,70.5,100,94.1,39.1428571428571,64.5,91,68.4,68
"175","42003435000","Census Tract 4350, Allegheny County, Pennsylvania",96,78,93,93,92,80,52,23,74,21,54,22,13,86,68,77,33,55,64,40,93,86,100,100,79,5,78,61,87,55,59.5,100,89,37,61.7,89.5,64.6,63.8
"176","42003437000","Census Tract 4370, Allegheny County, Pennsylvania",99,100,97,95,78,100,55,17,82,10,31,30,30,89,73,83,38,60,89,35,93,93,100,96,89,1,92,71,99.5,60.5,74.5,98,93.9,36.4285714285714,66.4,93,70.2,68.6
"177","42003439000","Census Tract 4390, Allegheny County, Pennsylvania",95,56,99,94,95,87,78,10,80,13,24,31,28,91,62,90,39,33,80,40,94,91,100,100,70,2,85,92,75.5,64.5,56.5,100,90.1,37.7142857142857,62.8,92.5,69.8,63
"178","42003445500","Census Tract 4455, Allegheny County, Pennsylvania",96,83,95,88,92,98,66,7,87,17,16,33,31,90,62,93,35,52,70,34,90,80,100,89,76,5,77,62,89.5,64,61,94.5,92.5,36.7142857142857,62.2,85,62.9,66.4
"179","42003446000","Census Tract 4460, Allegheny County, Pennsylvania",97,80,100,95,93,100,50,5,95,7,28,40,41,87,57,95,0,32,89,33,88,95,100,100,70,2,88,92,88.5,47.5,60.5,100,95.3,38,57,91.5,70.4,54.2
"180","42003447000","Census Tract 4470, Allegheny County, Pennsylvania",98,100,94,97,93,66,84,10,78,17,33,25,26,92,64,90,39,36,83,33,93,90,100,100,64,2,88,88,99,64.5,59.5,100,89.8,39,62.6,91.5,68.4,64.2
"181","42003448000","Census Tract 4480, Allegheny County, Pennsylvania",84,85,80,87,87,82,16,42,71,21,26,21,11,90,61,58,59,35,79,31,92,74,100,66,76,3,75,64,84.5,58.5,57,83,84.1,29.7142857142857,59.5,83,60.2,60.6
"182","42003449000","Census Tract 4490, Allegheny County, Pennsylvania",96,85,91,91,93,100,57,20,66,19,55,19,10,90,67,80,31,70,75,51,90,80,100,95,66,2,88,85,90.5,55.5,72.5,97.5,93.1,35.1428571428571,67.2,85,67.7,67.6
"183","42003450700","Census Tract 4507, Allegheny County, Pennsylvania",99,97,81,97,77,93,25,12,70,21,59,23,10,78,63,88,0,77,58,27,94,74,90,96,54,5,57,55,98,44,67.5,93,89.2,31.4285714285714,55.9,84,52.8,61.2
"184","42003450800","Census Tract 4508, Allegheny County, Pennsylvania",91,79,77,86,84,81,0,50,61,16,45,16,5,71,59,50,0,71,57,23,92,64,100,100,69,1,74,42,85,25,64,100,82.6,27.5714285714286,48.4,78,57.2,50.2
"185","42003451101","Census Tract 4511.01, Allegheny County, Pennsylvania",95,67,95,86,92,99,100,9,80,15,47,33,19,93,67,91,25,58,83,43,91,93,100,100,88,1,92,84,81,58,70.5,100,90.6,43.2857142857143,66.3,92,73,66.8
"186","42003451102","Census Tract 4511.02, Allegheny County, Pennsylvania",93,38,93,76,83,99,60,30,79,14,38,32,16,77,56,70,3,49,88,39,93,84,100,84,56,5,74,62,65.5,36.5,68.5,92,83.3,38.4285714285714,55.4,88.5,57.8,51
"187","42003451104","Census Tract 4511.04, Allegheny County, Pennsylvania",99,100,98,96,91,96,66,7,82,16,37,35,22,84,70,93,28,64,77,42,83,92,45,100,21,2,92,92,99.5,60.5,70.5,72.5,96.1,37.8571428571429,65.4,87.5,55.9,67.8
"188","42003451105","Census Tract 4511.05, Allegheny County, Pennsylvania",82,100,92,45,78,96,79,36,82,16,40,31,15,75,74,64,14,94,66,62,90,81,100,45,72,7,68,42,91,39,80,72.5,80.4,42.7142857142857,66,85.5,52.3,64.2
"189","42003451300","Census Tract 4513, Allegheny County, Pennsylvania",99,100,98,92,93,100,66,9,76,13,39,32,20,94,70,91,13,78,65,54,85,90,100,90,73,2,91,93,99.5,52,71.5,95,96.5,36.4285714285714,68.3,87.5,70.8,69.2
"190","42003452000","Census Tract 4520, Allegheny County, Pennsylvania",95,72,88,80,89,100,58,14,65,12,45,24,15,83,66,86,58,63,80,39,89,83,72,95,70,0,86,81,83.5,72,71.5,83.5,88.1,33.2857142857143,66.3,86,64.1,71.2
"191","42003453003","Census Tract 4530.03, Allegheny County, Pennsylvania",97,100,93,95,100,83,63,15,65,19,57,20,10,88,61,85,33,62,76,44,89,78,100,100,19,7,75,87,98.5,59,69,100,93.9,35.5714285714286,64.2,83.5,57.6,65.8
"192","42003453004","Census Tract 4530.04, Allegheny County, Pennsylvania",94,77,88,68,74,97,47,13,78,18,62,31,11,92,72,87,15,58,59,38,86,88,100,82,79,1,87,64,85.5,51,58.5,91,82.5,37.1428571428571,62.3,87,64.4,64.8
"193","42003455000","Census Tract 4550, Allegheny County, Pennsylvania",96,100,94,95,88,93,59,11,57,19,43,18,7,92,63,89,17,78,43,31,89,80,94,85,68,4,85,82,98,53,60.5,89.5,93.6,30.5714285714286,59.9,84.5,65.7,67.8
"194","42003456001","Census Tract 4560.01, Allegheny County, Pennsylvania",95,100,98,87,92,82,56,6,70,15,36,30,17,93,68,94,18,50,73,39,92,89,100,100,59,2,83,90,97.5,56,61.5,100,91.3,32.8571428571429,63.5,90.5,66.8,64.6
"195","42003456003","Census Tract 4560.03, Allegheny County, Pennsylvania",97,81,92,84,94,100,62,23,77,12,16,32,23,90,70,77,7,57,63,52,92,89,100,99,67,3,88,83,89,42,60,99.5,91.8,35,62.8,90.5,68.1,60.2
"196","42003456004","Census Tract 4560.04, Allegheny County, Pennsylvania",96,94,97,89,100,92,18,18,73,15,35,29,16,85,63,82,0,72,66,40,93,77,100,100,53,4,75,63,95,41,69,100,94.6,29.1428571428571,59.6,85,59,60.4
"197","42003457100","Census Tract 4571, Allegheny County, Pennsylvania",86,74,83,85,83,95,73,34,66,23,36,20,6,77,63,66,24,88,82,36,92,70,64,85,83,8,72,46,80,45,85,74.5,85.2,36.8571428571429,61.2,81,56.7,63.6
"198","42003457200","Census Tract 4572, Allegheny County, Pennsylvania",93,92,87,83,91,87,56,21,67,19,59,20,9,82,60,79,6,60,60,35,94,74,100,100,68,7,70,63,92.5,42.5,60,100,88.1,35.8571428571429,55.9,84,61.6,57.4
"199","42003458000","Census Tract 4580, Allegheny County, Pennsylvania",97,100,93,80,96,88,100,10,76,16,48,29,17,85,61,90,0,54,64,40,92,83,82,94,65,9,84,80,98.5,45,59,88,91.1,42.2857142857143,58,87.5,65.2,58
"200","42003459101","Census Tract 4591.01, Allegheny County, Pennsylvania",90,61,95,86,94,76,35,36,67,13,41,23,12,76,56,64,8,59,74,37,85,78,100,100,84,4,88,84,75.5,36,66.5,100,85.3,32.4285714285714,54.3,81.5,72,52.6
"201","42003459102","Census Tract 4591.02, Allegheny County, Pennsylvania",98,100,95,89,83,100,36,29,75,12,25,33,16,98,63,71,41,44,76,45,89,94,100,89,86,3,89,78,99,56,60,94.5,93.2,32.2857142857143,64.4,91.5,70.1,63.4
"202","42003459201","Census Tract 4592.01, Allegheny County, Pennsylvania",98,94,96,91,89,100,48,10,73,12,36,34,16,89,68,90,8,63,52,49,92,82,100,91,75,5,78,66,96,49,57.5,95.5,94.4,32.7142857142857,62.5,87,63.9,63.6
"203","42003459202","Census Tract 4592.02, Allegheny County, Pennsylvania",86,83,97,95,95,83,100,9,78,11,43,39,15,94,83,91,0,76,88,23,94,85,100,98,79,3,82,84,84.5,45.5,82,99,90.9,42.1428571428571,65.5,89.5,69.4,68.8
"204","42003460001","Census Tract 4600.01, Allegheny County, Pennsylvania",97,100,94,89,93,93,46,19,64,14,40,23,12,91,62,81,10,91,67,34,95,80,100,100,42,4,84,88,98.5,45.5,79,100,93.5,31.1428571428571,62.3,87.5,63.6,67
"205","42003460002","Census Tract 4600.02, Allegheny County, Pennsylvania",98,84,95,95,97,100,31,18,67,17,56,23,11,90,65,82,12,79,63,29,89,82,100,90,47,2,75,72,91,47,71,95,95.6,31.8571428571429,60.4,85.5,58.2,65.6
"206","42003461000","Census Tract 4610, Allegheny County, Pennsylvania",94,81,84,95,57,96,100,34,62,13,85,15,5,91,63,66,23,73,44,36,91,76,58,100,71,2,68,51,87.5,44.5,58.5,79,83.9,44.8571428571429,58.6,83.5,54.2,63.2
"207","42003462100","Census Tract 4621, Allegheny County, Pennsylvania",73,41,54,51,63,89,84,49,54,14,40,14,3,49,50,51,14,83,61,16,94,66,100,85,69,6,68,63,57,32.5,72,92.5,62.8,36.8571428571429,43.9,80,59.7,49.4
"208","42003462600","Census Tract 4626, Allegheny County, Pennsylvania",81,72,61,57,60,89,0,36,59,20,44,14,4,71,62,64,7,93,55,37,94,70,100,90,54,20,64,50,76.5,35.5,74,95,68.7,25.2857142857143,55.9,82,56.6,59.4
"209","42003463900","Census Tract 4639, Allegheny County, Pennsylvania",83,70,55,73,36,89,68,60,57,17,47,8,4,73,60,40,23,67,39,51,90,73,86,91,65,21,61,42,76.5,31.5,53,88.5,65.9,37.2857142857143,53.7,81.5,55.5,52.6
"210","42003464300","Census Tract 4643, Allegheny County, Pennsylvania",91,88,86,77,81,93,77,25,63,16,75,18,7,85,68,75,13,71,73,51,96,79,88,100,65,13,71,67,89.5,44,72,94,85.3,40.1428571428571,64,87.5,62,62.4
"211","42003464400","Census Tract 4644, Allegheny County, Pennsylvania",73,56,40,38,21,95,0,54,56,19,43,10,2,84,58,46,23,82,32,36,94,60,86,76,44,17,51,38,64.5,34.5,57,81,51.7,26.2857142857143,53.9,77,46.2,58.6
"212","42003465600","Census Tract 4656, Allegheny County, Pennsylvania",90,83,76,85,61,78,79,19,65,16,51,25,8,73,58,81,46,60,76,34,96,74,100,68,77,8,80,48,86.5,63.5,68,84,77.3,37.5714285714286,59.3,85,59.4,63.6
"213","42003465800","Census Tract 4658, Allegheny County, Pennsylvania",96,88,86,91,95,95,50,11,64,18,39,23,11,91,72,89,7,70,49,39,91,82,100,94,77,16,78,59,92,48,59.5,97,91.8,30.8571428571429,61.9,86.5,65.4,65.8
"214","42003468700","Census Tract 4687, Allegheny County, Pennsylvania",89,62,89,86,69,92,45,23,71,23,49,21,9,84,57,77,25,63,74,36,92,73,100,100,52,10,71,66,75.5,51,68.5,100,82.3,34.4285714285714,59.3,82.5,59.8,61.2
"215","42003468800","Census Tract 4688, Allegheny County, Pennsylvania",74,59,71,52,39,75,70,32,69,17,49,21,10,79,64,68,31,72,83,39,93,80,65,54,59,6,68,51,66.5,49.5,77.5,59.5,60.7,38.2857142857143,61.8,86.5,48.7,62.8
"216","42003468900","Census Tract 4689, Allegheny County, Pennsylvania",75,44,81,35,77,97,64,14,69,17,57,25,10,80,62,86,22,65,41,44,96,78,100,100,53,6,61,42,59.5,54,53,100,69.9,36.5714285714286,58.6,87,52.4,63
"217","42003469000","Census Tract 4690, Allegheny County, Pennsylvania",93,85,94,73,98,100,30,15,74,13,51,29,17,87,64,85,9,65,71,31,94,84,100,100,76,9,83,87,89,47,68,100,90.8,32.7142857142857,59.4,89,71,62
"218","42003470300","Census Tract 4703, Allegheny County, Pennsylvania",94,93,92,82,97,86,92,24,73,15,38,27,15,92,53,76,8,81,59,36,91,78,58,88,80,8,79,72,93.5,42,70,73,90.1,40.5714285714286,58.6,84.5,62.4,62
"219","42003470400","Census Tract 4704, Allegheny County, Pennsylvania",100,100,98,100,100,,85,20,73,16,67,22,15,84,59,80,8,67,47,28,92,84,100,100,17,7,78,88,100,44,57,100,,42.5714285714286,54.4,88,58,59.6
"220","42003470501","Census Tract 4705.01, Allegheny County, Pennsylvania",91,65,94,79,91,96,41,10,85,11,28,35,30,92,65,90,0,58,54,68,91,90,100,82,89,23,83,37,78,45,56,91,87.6,34.2857142857143,65.2,90.5,64.6,61
"221","42003470502","Census Tract 4705.02, Allegheny County, Pennsylvania",100,100,94,100,100,100,85,12,77,11,43,30,23,92,57,88,0,74,65,47,95,89,100,100,48,9,81,87,100,44,69.5,100,98.8,40.1428571428571,61.9,92,65,62.2
"222","42003470600","Census Tract 4706, Allegheny County, Pennsylvania",86,78,87,68,89,90,59,13,52,18,47,16,5,78,62,87,15,68,55,18,95,70,93,84,77,8,71,55,82,51,61.5,88.5,83.2,30,54.1,82.5,59.9,62
"223","42003471000","Census Tract 4710, Allegheny County, Pennsylvania",98,100,83,98,89,83,50,23,58,18,54,17,4,92,66,77,4,85,39,9,92,69,100,85,73,4,75,63,99,40.5,62,92.5,90.4,32,53.9,80.5,61.5,64.8
"224","42003472100","Census Tract 4721, Allegheny County, Pennsylvania",94,86,84,91,86,75,74,8,75,17,58,29,14,79,69,92,18,76,71,22,94,85,100,95,77,27,72,52,90,55,73.5,97.5,85.2,39.2857142857143,59.7,89.5,65.1,66.8
"225","42003472200","Census Tract 4722, Allegheny County, Pennsylvania",96,75,95,93,97,100,0,14,79,14,23,37,19,92,74,86,0,81,71,31,92,89,100,100,74,23,73,54,85.5,43,76,100,94.1,26.5714285714286,63.2,90.5,64.8,66.6
"226","42003472300","Census Tract 4723, Allegheny County, Pennsylvania",96,85,89,95,88,87,84,18,74,14,45,29,16,82,77,82,0,87,51,32,97,86,100,100,73,21,71,48,90.5,41,69,100,89.9,40,60.2,91.5,62.6,65.6
"227","42003472400","Census Tract 4724, Allegheny County, Pennsylvania",99,100,91,99,95,100,56,9,77,20,54,30,13,82,69,91,4,81,45,38,96,91,100,100,94,13,92,84,99.5,47.5,63,100,96.9,37,59.9,93.5,76.6,65.4
"228","42003473100","Census Tract 4731, Allegheny County, Pennsylvania",99,86,93,96,91,100,60,7,86,12,23,36,31,86,66,93,0,39,88,39,92,73,60,100,78,9,79,56,92.5,46.5,63.5,80,94.5,36.4285714285714,60.2,82.5,60.4,56.8
"229","42003473200","Census Tract 4732, Allegheny County, Pennsylvania",98,91,98,95,99,84,68,7,90,13,30,34,35,95,64,93,28,48,77,35,94,79,76,88,51,17,68,60,94.5,60.5,62.5,82,94.1,39.5714285714286,63.4,86.5,55.6,65.6
"230","42003473300","Census Tract 4733, Allegheny County, Pennsylvania",96,90,94,84,98,89,100,14,88,11,19,34,34,95,64,86,14,56,91,33,94,81,100,100,52,12,83,80,93,50,73.5,100,91.6,42.8571428571429,63.1,87.5,65.4,63
"231","42003473401","Census Tract 4734.01, Allegheny County, Pennsylvania",94,68,91,85,89,84,36,4,90,12,39,34,34,92,68,96,13,37,59,40,92,86,100,94,63,15,78,64,81,54.5,48,97,86,35.5714285714286,60.5,89,63.4,61.2
"232","42003473402","Census Tract 4734.02, Allegheny County, Pennsylvania",99,100,97,98,100,100,100,3,90,10,28,41,32,95,64,97,0,50,87,43,95,86,100,100,65,10,81,73,99.5,48.5,68.5,100,98.9,43.4285714285714,63.8,90.5,65.8,61.2
"233","42003473500","Census Tract 4735, Allegheny County, Pennsylvania",98,100,94,93,100,100,100,4,91,7,26,39,38,78,60,96,15,31,84,33,93,95,85,100,74,10,88,92,99,55.5,57.5,92.5,97.2,43.5714285714286,56.8,94,71.3,56
"234","42003473601","Census Tract 4736.01, Allegheny County, Pennsylvania",98,94,98,95,100,100,100,6,87,8,10,39,36,91,59,94,15,41,74,29,92,82,88,100,71,6,87,80,96,54.5,57.5,94,97.8,40.8571428571429,58.2,87,67.6,60
"235","42003473602","Census Tract 4736.02, Allegheny County, Pennsylvania",98,100,97,91,93,100,84,2,88,10,23,32,40,92,52,98,14,21,72,48,94,84,100,93,56,10,82,84,99,56,46.5,96.5,96,39.8571428571429,58.9,89,65.7,55.4
"236","42003474101","Census Tract 4741.01, Allegheny County, Pennsylvania",97,87,97,90,99,90,83,7,85,13,29,33,31,89,63,93,17,24,79,51,93,89,100,96,73,6,85,97,92,55,51.5,98,93.6,40.1428571428571,61.9,91,71.8,57.2
"237","42003474102","Census Tract 4741.02, Allegheny County, Pennsylvania",98,82,98,92,100,95,63,6,91,11,34,40,31,90,59,94,35,32,94,40,92,89,100,100,31,4,84,90,90,64.5,63,100,95,39.4285714285714,63.3,90.5,61.8,62
"238","42003474201","Census Tract 4742.01, Allegheny County, Pennsylvania",99,82,100,98,100,100,58,0,88,11,29,35,37,96,62,100,24,41,75,47,92,93,100,100,40,14,88,97,90.5,62,58,100,97.7,36.8571428571429,65,92.5,67.8,64.6
"239","42003474202","Census Tract 4742.02, Allegheny County, Pennsylvania",97,93,98,89,98,100,72,7,92,12,15,40,35,89,57,93,7,22,89,45,90,92,100,100,76,6,90,83,95,50,55.5,100,96,39,59.3,91,71,53.6
"240","42003474203","Census Tract 4742.03, Allegheny County, Pennsylvania",98,86,99,93,100,96,87,7,88,12,40,34,31,93,65,93,23,28,91,51,92,97,93,100,47,10,94,94,92,58,59.5,96.5,96,42.7142857142857,65.3,94.5,68.3,60.4
"241","42003475101","Census Tract 4751.01, Allegheny County, Pennsylvania",94,84,90,78,94,100,32,22,75,15,40,29,16,92,61,78,33,66,55,47,91,70,100,88,65,22,76,60,89,55.5,60.5,94,90.2,32.7142857142857,63.2,80.5,63.4,66
"242","42003475102","Census Tract 4751.02, Allegheny County, Pennsylvania",93,76,97,90,91,100,54,19,81,16,51,27,21,86,62,81,11,58,74,35,95,88,100,100,62,10,83,93,84.5,46,66,100,92.5,38.4285714285714,59,91.5,69.6,59.6
"243","42003475200","Census Tract 4752, Allegheny County, Pennsylvania",95,74,95,80,95,98,57,11,77,16,39,30,19,85,62,89,11,79,78,33,93,87,93,92,49,8,79,93,84.5,50,78.5,92.5,90.5,35.5714285714286,61.7,90,64.3,65.2
"244","42003475301","Census Tract 4753.01, Allegheny County, Pennsylvania",99,100,92,96,100,100,27,26,64,16,40,23,8,91,67,74,0,75,47,29,92,75,100,87,73,9,80,59,99.5,37,61,93.5,97.5,29.1428571428571,57,83.5,62.9,61.4
"245","42003475303","Census Tract 4753.03, Allegheny County, Pennsylvania",96,80,95,86,98,93,49,7,78,17,51,28,20,84,60,93,18,54,85,42,94,92,100,100,19,10,88,97,88,55.5,69.5,100,92,35.7142857142857,62.2,93,62.8,61.8
"246","42003475304","Census Tract 4753.04, Allegheny County, Pennsylvania",98,93,94,92,98,100,60,13,81,15,34,37,18,89,66,87,29,61,88,31,90,93,100,94,59,9,81,82,95.5,58,74.5,97,95.9,36.8571428571429,63.7,91.5,65.6,66.4
"247","42003475401","Census Tract 4754.01, Allegheny County, Pennsylvania",97,83,96,90,98,100,90,9,70,19,50,27,11,93,59,91,13,50,81,33,92,82,100,100,87,10,85,82,90,52,65.5,100,94.8,39.4285714285714,60.5,87,72.8,61.2
"248","42003475402","Census Tract 4754.02, Allegheny County, Pennsylvania",98,82,93,94,96,76,87,3,78,13,48,34,20,89,66,97,10,47,72,35,94,87,100,98,91,10,93,82,90,53.5,59.5,99,89.8,40.4285714285714,60.6,90.5,75,61.8
"249","42003476100","Census Tract 4761, Allegheny County, Pennsylvania",93,64,87,75,93,100,100,21,66,17,35,25,10,92,70,79,5,79,47,27,97,80,89,95,69,16,73,46,78.5,42,63,92,86.7,39.1428571428571,58.8,88.5,59.2,65
"250","42003476200","Census Tract 4762, Allegheny County, Pennsylvania",90,73,84,72,66,93,59,18,61,17,52,20,8,80,67,82,5,75,59,27,94,85,100,100,64,15,71,86,81.5,43.5,67,100,79.3,33.5714285714286,56.9,89.5,67.2,61.8
"251","42003477100","Census Tract 4771, Allegheny County, Pennsylvania",98,92,96,94,90,100,77,8,71,17,68,21,15,88,57,92,10,52,83,35,90,87,100,75,66,9,82,95,95,51,67.5,87.5,95,39.5714285714286,59.7,88.5,67.9,59.8
"252","42003477200","Census Tract 4772, Allegheny County, Pennsylvania",99,100,98,97,98,100,74,19,64,10,46,25,13,82,55,81,9,81,71,41,92,77,100,100,13,10,78,76,99.5,45,76,100,98.5,35.8571428571429,59.8,84.5,55.4,61.6
"253","42003477300","Census Tract 4773, Allegheny County, Pennsylvania",80,83,77,17,88,99,33,54,69,15,26,16,17,90,59,46,11,52,58,40,91,80,100,69,62,10,72,59,81.5,28.5,55,84.5,72.5,32.8571428571429,54.5,85.5,57.5,51.6
"254","42003478100","Census Tract 4781, Allegheny County, Pennsylvania",93,84,84,80,94,95,0,29,72,19,67,24,7,85,69,71,7,40,47,38,92,85,100,90,58,11,69,59,88.5,39,43.5,95,88.3,31.1428571428571,54.9,88.5,58.4,54.4
"255","42003478200","Census Tract 4782, Allegheny County, Pennsylvania",92,79,76,67,84,100,75,34,68,20,59,20,5,84,59,66,30,59,79,44,94,82,88,95,84,9,79,66,85.5,48,69,91.5,82.5,40.1428571428571,60.8,88,65.9,59.6
"256","42003479000","Census Tract 4790, Allegheny County, Pennsylvania",94,84,92,90,89,77,56,12,66,22,56,23,6,79,63,88,5,69,49,30,94,80,100,89,51,5,80,93,89,46.5,59,94.5,87.4,34.4285714285714,55.5,87,64.7,60.8
"257","42003480101","Census Tract 4801.01, Allegheny County, Pennsylvania",96,100,73,86,88,93,47,42,70,18,52,18,10,90,65,58,18,63,63,27,93,79,100,66,58,7,64,50,98,38,63,83,87.6,36.7142857142857,56.6,86,52.4,58.8
"258","42003480102","Census Tract 4801.02, Allegheny County, Pennsylvania",96,92,89,89,91,89,49,21,57,17,45,18,6,91,58,79,7,46,58,41,95,76,100,100,45,4,78,87,94,43,52,100,90.4,30.4285714285714,57,85.5,62.8,56.2
"259","42003480200","Census Tract 4802, Allegheny County, Pennsylvania",100,100,96,100,95,84,47,20,70,18,96,18,7,68,60,80,29,44,66,49,95,82,100,93,59,14,85,81,100,54.5,55,96.5,95,39.4285714285714,57.3,88.5,67.1,56.2
"260","42003480300","Census Tract 4803, Allegheny County, Pennsylvania",95,74,88,88,98,100,61,17,68,23,52,18,11,92,69,83,11,64,81,39,91,82,100,92,77,3,88,91,84.5,47,72.5,96,91.7,35.7142857142857,63.9,86.5,71,63.8
"261","42003480400","Census Tract 4804, Allegheny County, Pennsylvania",95,74,87,82,82,100,37,17,55,20,39,16,7,85,58,83,21,64,55,37,95,79,89,100,50,4,74,84,84.5,52,59.5,94.5,87.1,27.2857142857143,58.3,87,61.3,62.2
"262","42003481000","Census Tract 4810, Allegheny County, Pennsylvania",71,58,40,39,55,83,27,56,59,20,36,7,7,43,50,44,52,50,51,49,95,64,59,58,46,32,56,46,64.5,48,50.5,58.5,56.3,30.2857142857143,48.1,79.5,47.7,47.8
"263","42003482500","Census Tract 4825, Allegheny County, Pennsylvania",92,91,77,90,71,76,70,18,67,20,58,19,10,78,58,82,0,59,51,32,95,76,100,92,30,8,69,79,91.5,41,55,96,81.1,37.4285714285714,52.8,85.5,56.4,55.4
"264","42003483800","Census Tract 4838, Allegheny County, Pennsylvania",74,66,53,45,74,94,51,35,54,16,63,8,6,79,52,65,5,58,39,27,94,50,100,85,56,30,49,40,70,35,48.5,92.5,67.2,33.2857142857143,48.3,72,53.5,51.8
"265","42003484300","Census Tract 4843, Allegheny County, Pennsylvania",89,71,75,78,68,98,19,14,58,17,52,17,9,73,66,86,5,78,53,39,95,72,100,100,61,13,71,56,80,45.5,65.5,100,79.8,26.5714285714286,57.8,83.5,60.2,61.6
"266","42003484500","Census Tract 4845, Allegheny County, Pennsylvania",94,92,94,75,88,95,46,14,67,24,52,21,7,84,64,86,0,77,76,39,95,81,100,100,80,7,78,67,93,43,76.5,100,89,33,61.3,88,66.4,62.2
"267","42003484600","Census Tract 4846, Allegheny County, Pennsylvania",95,90,63,92,90,96,73,9,65,19,78,15,11,85,57,91,15,46,63,35,94,66,100,77,64,12,68,54,92.5,53,54.5,88.5,86.7,38.5714285714286,56.9,80,57.3,58.8
"268","42003485000","Census Tract 4850, Allegheny County, Pennsylvania",88,80,82,90,86,86,68,29,60,25,68,6,5,84,64,71,23,65,41,34,90,70,100,88,59,10,67,61,84,47,53,94,85.6,37.2857142857143,56.4,80,58.2,61.4
"269","42003486700","Census Tract 4867, Allegheny County, Pennsylvania",54,33,35,23,57,81,53,55,56,16,22,11,9,38,49,45,35,73,49,12,94,56,100,78,46,48,55,31,43.5,40,61,89,47.9,31.7142857142857,40,75,53.8,48
"270","42003486800","Census Tract 4868, Allegheny County, Pennsylvania",78,74,54,78,41,62,100,30,48,20,55,7,1,47,56,70,20,48,60,34,94,53,100,85,48,8,50,46,76,45,54,92.5,62.2,37.2857142857143,47.2,73.5,48.9,48.2
"271","42003486900","Census Tract 4869, Allegheny County, Pennsylvania",67,55,45,68,44,96,25,45,63,26,59,9,2,42,44,55,0,46,41,14,89,56,64,81,34,33,51,53,61,27.5,43.5,72.5,62.8,32.7142857142857,34.2,72.5,48.7,37.4
"272","42003487000","Census Tract 4870, Allegheny County, Pennsylvania",88,66,81,84,68,84,100,17,57,19,42,19,5,86,58,83,23,63,60,26,85,73,87,100,56,7,66,61,77,53,61.5,93.5,78.8,37,56.9,79,56.7,62.6
"273","42003488100","Census Tract 4881, Allegheny County, Pennsylvania",90,90,80,86,76,89,65,30,57,20,48,13,5,73,58,70,31,61,75,42,91,69,89,91,69,1,75,88,90,50.5,68,90,84.2,34,58.3,80,64.6,58.6
"274","42003488200","Census Tract 4882, Allegheny County, Pennsylvania",83,58,70,59,82,87,79,20,61,20,54,19,4,52,51,80,23,78,63,33,91,68,100,92,78,8,78,71,70.5,51.5,70.5,96,73.7,36.7142857142857,51.6,79.5,66.2,56.8
"275","42003488300","Census Tract 4883, Allegheny County, Pennsylvania",94,87,94,90,92,93,0,10,60,18,65,17,8,90,59,90,0,67,74,42,93,71,100,100,56,2,79,90,90.5,45,70.5,100,91.9,25.4285714285714,61.3,82,65.4,61.2
"276","42003488400","Census Tract 4884, Allegheny County, Pennsylvania",94,79,84,78,83,83,100,29,56,16,55,17,2,80,59,71,32,71,52,21,90,76,100,95,69,5,69,74,86.5,51.5,61.5,97.5,82.9,39.2857142857143,54.6,83,62.9,62.6
"277","42003488500","Census Tract 4885, Allegheny County, Pennsylvania",92,71,80,78,72,83,76,6,59,24,48,14,8,77,63,94,8,62,51,28,93,77,78,90,56,6,72,72,81.5,51,56.5,84,78.9,33.5714285714286,55.1,85,58,60.8
"278","42003488600","Census Tract 4886, Allegheny County, Pennsylvania",86,39,84,47,78,86,69,11,64,25,64,13,8,73,57,89,28,78,57,42,87,79,100,100,70,0,81,79,62.5,58.5,67.5,100,71.5,36.2857142857143,59.6,83,66,65
"279","42003489001","Census Tract 4890.01, Allegheny County, Pennsylvania",92,69,95,74,100,78,63,10,74,23,62,22,13,79,54,90,0,45,67,37,92,77,100,95,50,4,77,70,80.5,45,56,97.5,85.5,38.1428571428571,54.2,84.5,59.7,53.6
"280","42003489002","Census Tract 4890.02, Allegheny County, Pennsylvania",97,76,93,91,96,95,84,11,82,18,63,29,19,75,65,89,0,72,61,39,93,85,100,90,51,8,80,88,86.5,44.5,66.5,95,92.3,43.7142857142857,58,89,64.4,60.2
"281","42003490002","Census Tract 4900.02, Allegheny County, Pennsylvania",96,90,88,84,86,100,55,12,68,15,87,21,10,83,64,88,19,78,70,44,92,86,83,100,80,4,76,66,93,53.5,74,91.5,90.2,38.2857142857143,63.7,89,63.5,66.4
"282","42003490003","Census Tract 4900.03, Allegheny County, Pennsylvania",96,91,92,88,96,92,14,9,69,17,54,22,16,91,69,91,21,69,68,52,91,92,100,92,86,10,86,87,93.5,56,68.5,96,92.3,28.7142857142857,67.3,91.5,73,68.2
"283","42003490004","Census Tract 4900.04, Allegheny County, Pennsylvania",97,77,93,87,100,95,57,8,73,16,70,24,15,84,71,92,11,76,64,39,91,91,100,91,84,6,90,92,87,51.5,70,95.5,92.4,37.5714285714286,63.1,91,73.5,66.8
"284","42003491101","Census Tract 4911.01, Allegheny County, Pennsylvania",99,92,99,95,98,92,87,4,77,12,42,35,19,87,65,96,18,64,81,44,94,90,100,100,87,2,87,85,95.5,57,72.5,100,95.9,39.4285714285714,65.1,92,72.2,66
"285","42003491200","Census Tract 4912, Allegheny County, Pennsylvania",100,100,92,100,94,100,54,9,64,16,62,21,12,87,62,91,29,59,64,51,92,86,44,93,77,2,79,69,100,60,61.5,68.5,97.2,34,64.3,89,59.1,65.6
"286","42003492700","Census Tract 4927, Allegheny County, Pennsylvania",82,64,64,74,58,85,55,47,71,26,62,11,6,60,62,53,11,77,46,29,90,67,100,77,49,3,59,51,73,32,61.5,88.5,70.8,39.7142857142857,48.9,78.5,50.1,52.6
"287","42003492800","Census Tract 4928, Allegheny County, Pennsylvania",82,69,61,72,33,84,75,17,43,18,41,8,3,38,44,83,37,75,65,7,93,52,79,100,62,21,41,48,75.5,60,70,89.5,65.1,29.2857142857143,43.8,72.5,52.3,55.4
"288","42003492900","Census Tract 4929, Allegheny County, Pennsylvania",91,78,72,86,72,72,36,36,55,22,33,10,5,61,50,64,36,68,63,62,91,80,100,95,74,21,71,67,84.5,50,65.5,97.5,77.3,28.1428571428571,57.7,85.5,66.1,55.8
"289","42003494000","Census Tract 4940, Allegheny County, Pennsylvania",85,64,71,84,75,83,71,36,59,23,51,10,4,77,57,64,14,65,50,41,94,68,100,99,40,5,59,56,74.5,39,57.5,99.5,77.5,36.2857142857143,54.3,81,51.9,55.4
"290","42003495000","Census Tract 4950, Allegheny County, Pennsylvania",96,76,90,91,87,100,47,24,57,14,59,18,5,65,56,76,13,44,58,29,85,72,87,100,90,1,84,88,86,44.5,51,93.5,90.8,32,49.1,78.5,71.3,50.8
"291","42003496101","Census Tract 4961.01, Allegheny County, Pennsylvania",99,100,97,97,94,68,36,12,58,17,51,18,8,77,55,88,11,52,69,32,89,82,100,82,100,1,80,97,99.5,49.5,60.5,91,91.1,28.5714285714286,54.8,85.5,73.8,56.6
"292","42003496102","Census Tract 4961.02, Allegheny County, Pennsylvania",95,86,95,80,95,100,32,16,64,20,63,18,7,88,59,84,7,68,65,42,84,81,100,100,81,2,79,81,90.5,45.5,66.5,100,92.1,31.4285714285714,60.2,82.5,68.6,61.2
"293","42003496200","Census Tract 4962, Allegheny County, Pennsylvania",89,81,84,53,86,100,14,10,62,17,78,14,10,83,57,90,23,43,68,47,84,78,85,100,66,2,73,74,85,56.5,55.5,92.5,81.6,29.2857142857143,59.8,81,61.5,59.2
"294","42003497000","Census Tract 4970, Allegheny County, Pennsylvania",93,74,94,94,77,69,16,20,57,23,62,10,5,78,55,80,17,80,54,29,86,82,100,100,80,0,86,94,83.5,48.5,67,100,83.5,27.5714285714286,55.5,84,72,62
"295","42003498000","Census Tract 4980, Allegheny County, Pennsylvania",92,85,91,85,86,82,63,10,53,21,56,13,4,70,58,90,18,71,58,37,85,77,100,92,43,1,78,85,88.5,54,64.5,96,86.5,31.4285714285714,56.7,81,60.6,61.4
"296","42003499300","Census Tract 4993, Allegheny County, Pennsylvania",84,72,76,79,93,94,17,47,53,16,49,8,6,70,57,53,0,75,69,37,89,77,100,93,47,2,71,77,78,26.5,72,96.5,84,28,52.5,83,58.7,51
"297","42003499400","Census Tract 4994, Allegheny County, Pennsylvania",91,76,80,84,76,87,32,36,55,22,41,14,1,75,58,64,28,52,47,15,92,59,100,93,70,5,71,55,83.5,46,49.5,96.5,82.1,28.7142857142857,48.7,75.5,59.5,55.4
"298","42003500300","Census Tract 5003, Allegheny County, Pennsylvania",95,91,82,87,95,87,62,29,57,26,50,10,3,86,58,71,30,44,77,23,89,62,100,97,54,5,76,77,93,50.5,60.5,98.5,88.8,33.8571428571429,55.6,75.5,62.1,57.8
"299","42003501000","Census Tract 5010, Allegheny County, Pennsylvania",87,78,70,85,71,68,61,31,49,18,53,8,3,67,53,69,24,78,78,36,90,58,100,90,57,3,61,50,82.5,46.5,78,95,75.3,31.8571428571429,56.1,74,53.2,58.2
"300","42003503002","Census Tract 5030.02, Allegheny County, Pennsylvania",96,83,91,81,96,94,26,18,63,20,59,18,7,91,59,82,20,63,72,32,93,71,100,100,57,3,79,70,89.5,51,67.5,100,90.3,30.1428571428571,60.1,82,61.8,63
"301","42003504100","Census Tract 5041, Allegheny County, Pennsylvania",79,47,68,23,86,99,54,18,57,18,83,12,4,80,56,82,50,59,75,55,91,73,100,100,53,13,57,58,63,66,67,100,67.8,35.1428571428571,64.8,82,56.2,65.4
"302","42003507000","Census Tract 5070, Allegheny County, Pennsylvania",89,81,74,82,91,95,0,20,55,21,62,9,6,76,57,80,23,73,57,54,97,70,90,100,55,3,70,55,85,51.5,65,95,85.4,24.7142857142857,60.7,83.5,55.6,61.8
"303","42003508000","Census Tract 5080, Allegheny County, Pennsylvania",67,49,45,63,33,65,62,35,56,25,43,7,5,32,41,65,41,66,67,26,87,67,100,91,59,6,47,27,58,53,66.5,95.5,52.8,33.2857142857143,43.7,77,46.9,49
"304","42003509400","Census Tract 5094, Allegheny County, Pennsylvania",84,69,65,44,79,97,52,16,57,25,56,7,9,90,62,84,0,42,72,43,96,73,81,86,79,7,74,40,76.5,42,57,83.5,72.3,31.7142857142857,58.8,84.5,56.7,55.6
"305","42003510000","Census Tract 5100, Allegheny County, Pennsylvania",68,64,33,62,69,87,0,27,49,23,43,7,2,80,61,73,34,48,53,29,99,57,100,100,51,36,49,27,66,53.5,50.5,100,63.4,21.5714285714286,54.8,78,52.6,59.2
"306","42003512000","Census Tract 5120, Allegheny County, Pennsylvania",80,64,72,70,91,81,67,30,52,17,68,9,2,74,56,70,14,60,61,24,87,65,100,82,63,5,63,49,72,42,60.5,91,77.2,35,51.3,76,54.2,54.8
"307","42003512800","Census Tract 5128, Allegheny County, Pennsylvania",48,35,45,50,43,65,46,45,48,17,60,3,3,44,41,55,57,39,58,31,97,64,100,100,33,51,41,44,41.5,56,48.5,100,48.9,31.7142857142857,44.1,80.5,53.8,47.2
"308","42003512900","Census Tract 5129, Allegheny County, Pennsylvania",76,56,49,84,66,66,,42,62,27,61,8,2,68,47,58,31,0,57,40,87,64,100,88,47,31,60,56,66,44.5,28.5,94,66.2,,45.6,75.5,57.6,40.8
"309","42003513800","Census Tract 5138, Allegheny County, Pennsylvania",75,69,55,74,55,75,0,60,49,16,32,6,3,60,36,40,14,43,43,25,94,52,100,95,33,48,42,44,72,27,43,97.5,66.2,23.7142857142857,38.2,73,52.9,38.6
"310","42003514000","Census Tract 5140, Allegheny County, Pennsylvania",74,60,38,61,47,79,11,37,60,20,61,8,8,64,62,63,20,74,64,15,97,67,79,79,72,42,62,29,67,41.5,69,79,58.4,29.2857142857143,50.3,82,56.8,56.6
"311","42003515100","Census Tract 5151, Allegheny County, Pennsylvania",86,70,59,74,49,86,57,18,63,22,65,17,5,66,61,82,17,74,36,29,97,74,100,76,52,33,55,39,78,49.5,55,88,69.2,35.2857142857143,52.1,85.5,53.4,60
"312","42003515200","Census Tract 5152, Allegheny County, Pennsylvania",100,100,87,100,88,93,24,8,77,14,56,25,24,80,67,92,50,57,65,30,89,81,100,100,68,21,69,44,100,71,61,100,93.6,32.5714285714286,61.8,85,60.4,69.2
"313","42003515300","Census Tract 5153, Allegheny County, Pennsylvania",87,87,73,87,58,84,44,48,69,17,32,17,13,61,54,52,29,86,56,35,97,63,100,80,62,25,57,45,87,40.5,71,90,77.8,34.2857142857143,52.3,80,55.8,56.4
"314","42003515401","Census Tract 5154.01, Allegheny County, Pennsylvania",91,100,90,86,85,78,71,19,81,11,39,28,29,80,66,81,21,39,78,46,91,83,100,100,62,30,78,66,95.5,51,58.5,100,86.9,39.7142857142857,60.3,87,67.2,57.4
"315","42003516100","Census Tract 5161, Allegheny County, Pennsylvania",90,63,91,90,100,96,47,8,94,12,25,31,43,89,78,92,0,59,37,31,94,82,100,91,65,22,75,64,76.5,46,48,95.5,90.7,37.1428571428571,58.4,88,64.3,63.6
"316","42003516200","Census Tract 5162, Allegheny County, Pennsylvania",97,86,99,97,100,95,100,5,86,14,26,24,41,90,79,95,0,85,42,34,95,92,100,79,70,14,80,58,91.5,47.5,63.5,89.5,96.5,42.2857142857143,62.8,93.5,62.3,69.8
"317","42003517000","Census Tract 5170, Allegheny County, Pennsylvania",85,70,55,83,58,100,44,26,64,18,54,18,8,81,54,74,2,65,50,28,91,70,100,100,67,21,68,52,77.5,38,57.5,100,74.7,33.1428571428571,51.7,80.5,61.6,55.2
"318","42003518001","Census Tract 5180.01, Allegheny County, Pennsylvania",97,80,97,92,92,91,50,1,83,16,23,36,26,92,67,99,75,33,74,35,92,84,100,100,76,10,85,88,88.5,87,53.5,100,92.1,33.5714285714286,66.9,88,71.8,73.2
"319","42003519000","Census Tract 5190, Allegheny County, Pennsylvania",97,100,99,91,100,83,20,2,86,15,27,35,30,80,58,98,27,24,79,35,91,91,100,96,70,3,90,90,98.5,62.5,51.5,98,94.3,30.7142857142857,57.4,91,70.2,57.4
"320","42003520001","Census Tract 5200.01, Allegheny County, Pennsylvania",97,84,92,92,95,90,83,12,69,23,45,17,16,80,51,88,48,40,85,38,91,81,100,100,53,4,76,68,90.5,68,62.5,100,91.9,37.8571428571429,59.9,86,60.2,61.4
"321","42003520002","Census Tract 5200.02, Allegheny County, Pennsylvania",94,73,87,86,96,97,91,9,69,16,47,27,13,72,63,91,10,48,72,41,91,86,100,100,64,7,72,69,83.5,50.5,60,100,89.9,38.8571428571429,57.3,88.5,62.4,56.8
"322","42003521100","Census Tract 5211, Allegheny County, Pennsylvania",97,87,94,89,97,100,77,6,71,18,78,22,13,92,70,94,24,76,55,41,95,86,100,80,54,12,85,94,92,59,65.5,90,94.4,40.7142857142857,65.5,90.5,67,71.2
"323","42003521200","Census Tract 5212, Allegheny County, Pennsylvania",94,56,93,84,97,100,100,9,69,15,57,27,11,80,61,91,12,52,80,34,88,87,100,92,71,3,77,62,75,51.5,66,96,89.8,41.1428571428571,58.5,87.5,61.8,59.2
"324","42003521301","Census Tract 5213.01, Allegheny County, Pennsylvania",85,69,84,62,87,99,36,24,66,18,33,19,14,92,56,76,0,53,53,69,95,72,100,100,45,8,52,36,77,38,53,100,81.8,30,61.6,83.5,48.2,55.4
"325","42003521302","Census Tract 5213.02, Allegheny County, Pennsylvania",91,93,90,71,86,93,100,22,69,21,32,21,13,80,58,78,0,71,60,51,91,82,5,100,74,7,73,39,92,39,65.5,52.5,86.4,39.7142857142857,58.7,86.5,49.1,57.4
"326","42003521401","Census Tract 5214.01, Allegheny County, Pennsylvania",96,100,98,93,100,100,24,20,74,19,62,23,13,89,62,80,12,96,37,33,90,88,100,100,77,2,80,71,98,46,66.5,100,97.8,33.5714285714286,59.3,89,66,67.8
"327","42003521402","Census Tract 5214.02, Allegheny County, Pennsylvania",98,83,98,91,84,88,44,11,84,13,29,34,27,85,62,89,17,58,85,50,92,90,100,100,69,3,89,94,90.5,53,71.5,100,90.3,34.5714285714286,64.3,91,71,62.2
"328","42003521500","Census Tract 5215, Allegheny County, Pennsylvania",97,100,95,91,91,100,42,17,78,20,65,24,16,86,60,83,13,72,79,65,93,81,100,100,38,5,81,81,98.5,48,75.5,100,95.1,37.4285714285714,66.9,87,61,62.8
"329","42003522000","Census Tract 5220, Allegheny County, Pennsylvania",81,76,50,56,52,90,59,39,60,22,52,10,6,71,55,61,27,71,39,31,92,66,75,75,59,13,65,45,78.5,44,55,75,65.3,35.4285714285714,51.2,79,51.4,57
"330","42003523100","Census Tract 5231, Allegheny County, Pennsylvania",87,80,72,62,82,93,50,27,66,19,57,13,13,66,54,73,0,65,72,41,92,81,100,100,70,15,72,80,83.5,36.5,68.5,100,78.5,35,53.2,86.5,67.4,51.6
"331","42003523200","Census Tract 5232, Allegheny County, Pennsylvania",86,73,69,55,79,90,62,15,68,19,50,21,13,63,62,85,16,68,45,38,91,77,100,91,49,11,64,68,79.5,50.5,56.5,95.5,74.5,35.4285714285714,54,84,57.5,58.8
"332","42003523300","Census Tract 5233, Allegheny County, Pennsylvania",96,83,86,87,96,100,10,14,72,25,58,16,14,81,59,86,12,45,59,35,96,77,100,97,60,7,73,71,89.5,49,52,98.5,91.7,29.8571428571429,55.2,86.5,61.9,56.6
"333","42003523400","Census Tract 5234, Allegheny County, Pennsylvania",87,70,81,51,92,97,69,17,83,26,58,23,16,86,66,83,9,39,81,37,91,80,100,100,59,11,77,72,78.5,46,60,100,79.9,41.7142857142857,59,85.5,63.8,56.6
"334","42003523501","Census Tract 5235.01, Allegheny County, Pennsylvania",96,79,82,84,96,92,6,14,67,27,56,13,10,82,59,86,34,67,68,37,94,72,100,88,63,5,73,76,87.5,60,67.5,94,88.3,27.5714285714286,61.1,83,62.2,65.6
"335","42003523502","Census Tract 5235.02, Allegheny County, Pennsylvania",96,87,71,96,74,45,0,33,60,20,56,12,6,63,57,67,11,88,39,67,93,64,100,93,55,10,61,71,91.5,39,63.5,96.5,75.5,26.7142857142857,57.9,78.5,58.7,57.2
"336","42003523600","Census Tract 5236, Allegheny County, Pennsylvania",92,82,87,71,80,94,47,20,70,24,34,23,10,91,60,80,0,31,80,49,90,87,81,100,69,6,80,77,87,40,55.5,90.5,83.8,32.5714285714286,59.1,88.5,64.5,52.4
"337","42003523701","Census Tract 5237.01, Allegheny County, Pennsylvania",90,67,81,68,90,92,71,28,65,21,60,14,9,81,57,72,32,67,64,46,93,76,90,100,70,3,78,79,78.5,52,65.5,95,81.9,38.2857142857143,60.3,84.5,65,61.8
"338","42003523702","Census Tract 5237.02, Allegheny County, Pennsylvania",92,77,71,63,83,93,91,19,70,22,59,19,11,80,63,81,16,83,50,40,88,77,100,100,50,5,69,66,84.5,48.5,66.5,100,78.9,41.5714285714286,59.6,82.5,58,64.6
"339","42003523800","Census Tract 5238, Allegheny County, Pennsylvania",98,87,93,93,96,100,50,13,67,14,35,25,17,87,58,87,36,51,71,36,92,77,100,100,63,8,82,85,92.5,61.5,61,100,94.9,31.5714285714286,60.7,84.5,67.6,63.8
"340","42003524000","Census Tract 5240, Allegheny County, Pennsylvania",80,54,72,61,72,85,32,29,64,22,71,13,6,73,56,71,21,60,46,32,87,68,97,87,50,8,59,47,67,46,53,92,71.4,33.8571428571429,52,77.5,51.2,56.2
"341","42003525100","Census Tract 5251, Allegheny County, Pennsylvania",99,92,95,98,100,84,73,11,86,17,39,30,27,91,70,89,14,50,65,38,87,88,100,96,92,2,82,83,95.5,51.5,57.5,98,94.5,40.4285714285714,61.6,87.5,71.4,62.8
"342","42003525200","Census Tract 5252, Allegheny County, Pennsylvania",93,69,83,89,90,85,65,30,72,12,28,27,19,84,54,70,0,70,35,38,95,75,100,100,71,3,69,43,81,35,52.5,100,85.6,36.1428571428571,52.7,85,57.2,55.6
"343","42003525300","Census Tract 5253, Allegheny County, Pennsylvania",94,63,94,90,97,89,60,17,78,15,35,28,22,85,60,83,6,47,79,36,89,81,100,90,81,1,82,67,78.5,44.5,63,95,89.7,36.4285714285714,57.7,85,65.2,56.2
"344","42003526101","Census Tract 5261.01, Allegheny County, Pennsylvania",98,91,94,87,94,100,57,17,75,18,39,28,16,94,63,83,7,46,70,43,88,91,100,98,83,1,92,81,94.5,45,58,99,93.9,35.7142857142857,60.6,89.5,71.2,58.6
"345","42003526102","Census Tract 5261.02, Allegheny County, Pennsylvania",95,73,90,92,95,90,19,29,66,16,63,20,8,88,60,71,22,76,59,34,89,75,100,100,59,1,78,74,84,46.5,67.5,100,90.2,31.5714285714286,59.2,82,62.4,63.4
"346","42003526201","Census Tract 5262.01, Allegheny County, Pennsylvania",98,95,95,94,97,90,49,13,67,18,54,25,9,81,63,87,24,79,68,48,86,81,100,95,88,3,90,92,96.5,55.5,73.5,97.5,94.5,33.5714285714286,64.2,83.5,74.1,66.8
"347","42003526202","Census Tract 5262.02, Allegheny County, Pennsylvania",93,82,88,71,100,94,53,27,64,17,57,18,7,71,62,73,15,67,67,37,94,78,39,100,83,2,78,83,87.5,44,67,69.5,88.1,34.7142857142857,56.2,86,63.1,57.6
"348","42003526301","Census Tract 5263.01, Allegheny County, Pennsylvania",96,82,97,85,94,100,33,9,66,19,66,22,9,89,61,91,24,59,77,48,89,90,100,95,74,3,88,97,89,57.5,68,97.5,93,32,64.7,89.5,71.9,64.8
"349","42003526302","Census Tract 5263.02, Allegheny County, Pennsylvania",97,84,97,89,95,100,64,12,73,22,52,24,12,89,67,88,8,69,58,44,95,85,82,97,72,5,82,64,90.5,48,63.5,89.5,94.3,37,62.3,90,62.5,64.2
"350","42003550900","Census Tract 5509, Allegheny County, Pennsylvania",71,61,41,68,37,71,0,57,53,18,26,7,5,26,36,43,17,36,46,42,82,54,21,100,54,19,57,45,66,30,41,60.5,56.6,23.7142857142857,35,68,47.1,31.6
"351","42003551200","Census Tract 5512, Allegheny County, Pennsylvania",67,32,56,27,49,86,15,40,48,15,48,8,3,48,50,60,14,75,53,21,91,59,86,96,68,8,67,48,49.5,37,64,91,53.5,25.2857142857143,44,75,56.4,49.4
"352","42003551300","Census Tract 5513, Allegheny County, Pennsylvania",84,56,76,64,84,96,100,27,61,26,44,12,6,85,64,73,43,77,70,28,91,79,86,100,47,0,72,72,70,58,73.5,93,78,39.4285714285714,61.7,85,56.8,68.4
"353","42003551900","Census Tract 5519, Allegheny County, Pennsylvania",44,35,26,59,16,64,0,64,54,28,18,3,1,0,38,36,14,90,19,54,97,28,100,100,72,50,45,14,39.5,25,54.5,100,40.9,24,34.3,62.5,56.2,35.6
"354","42003552000","Census Tract 5520, Allegheny County, Pennsylvania",73,64,69,55,64,88,54,48,61,30,57,2,2,48,51,52,20,59,51,56,96,56,88,83,39,12,52,63,68.5,36,55,85.5,68.9,36.2857142857143,49.2,76,50.3,46
"355","42003552100","Census Tract 5521, Allegheny County, Pennsylvania",22,17,5,47,33,99,0,81,47,10,19,5,4,93,22,19,6,61,44,10,88,38,100,0,64,98,43,11,19.5,12.5,52.5,50,40.7,23.7142857142857,38,63,53.2,40.2
"356","42003552200","Census Tract 5522, Allegheny County, Pennsylvania",85,97,54,95,72,73,0,54,57,10,100,10,0,57,45,46,63,94,25,12,100,49,0,96,35,8,63,55,91,54.5,59.5,48,77,33,45.6,74.5,41.8,61
"357","42003552300","Census Tract 5523, Allegheny County, Pennsylvania",68,60,39,55,52,77,12,43,57,25,47,7,2,34,46,57,40,54,45,42,92,60,53,85,31,21,48,61,64,48.5,49.5,69,57.4,27.5714285714286,44,76,46,46.2
"358","42003552400","Census Tract 5524, Allegheny County, Pennsylvania",90,86,74,80,78,80,16,36,55,15,49,14,4,73,54,64,18,61,48,33,85,67,100,90,46,3,71,68,88,41,54.5,95,80,27,51.1,76,56.6,54
"359","42003560400","Census Tract 5604, Allegheny County, Pennsylvania",83,69,74,87,63,86,66,43,71,17,42,22,10,59,55,57,1,80,54,14,97,78,100,67,49,40,38,13,76,29,67,83.5,77.2,38.7142857142857,44.8,87.5,44.7,50.4
"360","42003560500","Census Tract 5605, Allegheny County, Pennsylvania",98,73,96,97,84,95,62,10,93,12,15,44,30,77,74,90,36,55,74,37,91,91,88,100,74,25,75,45,85.5,63,64.5,94,91.5,38,63.1,91,62.6,66.4
"361","42003560600","Census Tract 5606, Allegheny County, Pennsylvania",74,64,40,91,30,49,0,42,71,19,36,21,11,40,51,58,15,,18,33,96,59,100,94,65,46,50,20,69,36.5,,97,55.8,28.5714285714286,,77.5,55.6,32.8
"362","42003561000","Census Tract 5610, Allegheny County, Pennsylvania",67,61,54,73,43,76,0,37,69,23,85,11,5,63,59,63,16,69,47,7,99,72,100,100,54,54,54,36,64,39.5,58,100,62,32.8571428571429,45.3,85.5,59.6,54
"363","42003561100","Census Tract 5611, Allegheny County, Pennsylvania",66,69,42,81,47,70,23,44,52,23,44,7,0,46,36,56,100,60,41,12,100,53,100,87,22,59,36,44,67.5,78,50.5,93.5,61.5,27.5714285714286,44.5,76.5,50.9,59.6
"364","42003561200","Census Tract 5612, Allegheny County, Pennsylvania",81,68,38,85,35,86,,37,60,30,55,4,4,83,46,63,3,32,57,0,99,51,100,74,48,29,44,49,74.5,33,44.5,87,63.7,,41.3,75,51.4,45.4
"365","42003561400","Census Tract 5614, Allegheny County, Pennsylvania",77,61,76,38,81,84,100,22,66,21,78,11,11,52,48,78,21,72,49,31,96,57,81,96,64,22,53,35,69,49.5,60.5,88.5,69.6,44.1428571428571,48.2,76.5,52.5,54.2
"366","42003561500","Census Tract 5615, Allegheny County, Pennsylvania",78,67,68,60,77,86,,28,70,20,39,20,14,57,53,72,0,84,55,26,96,66,47,95,47,32,53,49,72.5,36,69.5,71,72.7,,48.3,81,50.4,53.2
"367","42003561600","Census Tract 5616, Allegheny County, Pennsylvania",83,73,45,77,68,90,48,58,66,25,68,7,3,82,63,42,0,69,43,34,92,64,71,93,62,19,64,61,78,21,56,82,71.6,39.2857142857143,51.2,78,57.6,51.2
"368","42003561700","Census Tract 5617, Allegheny County, Pennsylvania",88,76,63,92,49,73,100,52,54,19,49,7,3,74,52,48,30,29,45,9,93,70,100,100,50,17,64,54,82,39,37,100,71.8,40.5714285714286,42.2,81.5,57,46.6
"369","42003561900","Census Tract 5619, Allegheny County, Pennsylvania",71,53,54,54,41,89,91,47,59,22,30,12,5,41,36,53,19,47,55,55,94,50,100,100,28,23,37,48,62,36,51,100,60,38,43.8,72,47.2,39.2
"370","42003562000","Census Tract 5620, Allegheny County, Pennsylvania",80,0,86,82,66,90,0,24,92,7,17,31,43,61,52,76,4,62,86,67,99,78,86,92,42,11,37,17,40,40,74,89,72.8,30.5714285714286,58.8,88.5,39.2,51
"371","42003562300","Census Tract 5623, Allegheny County, Pennsylvania",54,41,41,0,16,93,87,31,59,20,51,11,7,64,34,69,62,47,56,32,98,50,100,68,57,4,44,41,47.5,65.5,51.5,84,39.5,38,49.4,74,46,55.2
"372","42003562400","Census Tract 5624, Allegheny County, Pennsylvania",88,72,75,75,70,93,0,24,57,22,41,13,6,68,63,76,0,60,93,36,95,76,100,100,50,29,66,69,80,38,76.5,100,78.6,23.2857142857143,56.3,85.5,62.8,53.4
"373","42003562500","Census Tract 5625, Allegheny County, Pennsylvania",79,53,67,61,64,100,22,37,59,14,62,11,10,73,55,63,8,42,64,33,93,77,100,100,48,5,68,62,66,35.5,53,100,71.6,30.7142857142857,49.9,85,56.6,48.2
"374","42003562600","Census Tract 5626, Allegheny County, Pennsylvania",77,49,51,61,58,82,52,31,56,21,60,8,5,61,55,69,27,51,64,53,93,69,100,100,58,8,68,50,63,48,57.5,100,63,33.2857142857143,54.9,81,56.8,52.6
"375","42003562700","Census Tract 5627, Allegheny County, Pennsylvania",84,46,85,88,66,91,100,27,87,19,36,30,23,80,69,73,20,89,52,45,96,73,89,50,63,17,54,10,65,46.5,70.5,69.5,79,46,62.2,84.5,42.7,66.2
"376","42003562800","Census Tract 5628, Allegheny County, Pennsylvania",84,60,73,83,59,93,0,42,66,19,47,17,8,72,62,58,4,89,55,43,93,64,60,100,76,13,70,48,72,31,72,80,76,28.4285714285714,56,78.5,57.4,57
"377","42003562900","Census Tract 5629, Allegheny County, Pennsylvania",82,71,62,76,60,84,37,23,66,22,62,15,8,81,56,77,0,53,68,49,94,64,90,100,40,10,65,63,76.5,38.5,60.5,95,71.7,33.2857142857143,57,79,54.6,53.4
"378","42003563000","Census Tract 5630, Allegheny County, Pennsylvania",86,52,79,71,67,88,93,23,69,22,40,22,10,82,65,77,17,89,29,32,95,84,100,84,78,18,82,58,69,47,59,92,74.8,39.8571428571429,57,89.5,65.6,66
"379","42003563100","Census Tract 5631, Allegheny County, Pennsylvania",89,88,78,67,100,98,52,40,68,14,40,25,9,95,65,60,7,81,48,27,94,81,100,91,68,16,76,72,88.5,33.5,64.5,95.5,86.3,35.4285714285714,57,87.5,65.5,61.6
"380","42003563200","Census Tract 5632, Allegheny County, Pennsylvania",77,42,70,74,42,90,100,40,69,12,19,21,20,86,67,60,0,62,59,45,92,67,100,100,65,12,60,28,59.5,30,60.5,100,67.1,40.1428571428571,57.7,79.5,53,55
"381","42003563300","Census Tract 5633, Allegheny County, Pennsylvania",98,93,100,97,100,100,82,5,85,11,31,32,33,96,65,95,42,45,71,45,89,90,100,100,58,2,82,90,95.5,68.5,58,100,98.5,39.8571428571429,66.5,89.5,66.4,68.6
"382","42003563800","Census Tract 5638, Allegheny County, Pennsylvania",98,96,97,95,96,93,69,10,78,14,37,32,22,94,51,90,21,46,75,41,91,78,92,97,36,2,84,71,97,55.5,60.5,94.5,95.6,37.4285714285714,60.4,84.5,57.5,60.4
"383","42003563900","Census Tract 5639, Allegheny County, Pennsylvania",92,75,89,77,89,97,41,8,72,16,42,27,17,86,65,92,14,88,46,30,95,79,100,81,68,7,74,65,83.5,53,67,90.5,87.1,31.8571428571429,60.2,87,60.9,69
"384","42003564000","Census Tract 5640, Allegheny County, Pennsylvania",95,78,95,78,95,97,62,32,72,17,52,23,12,88,70,68,18,65,51,54,86,84,89,96,86,0,87,79,86.5,43,58,92.5,90.3,38.5714285714286,62.6,85,68.9,61.8
"385","42003564100","Census Tract 5641, Allegheny County, Pennsylvania",99,100,100,99,100,67,70,3,91,12,21,41,33,91,66,97,5,55,70,47,88,92,84,98,78,3,90,97,99.5,51,62.5,91,93.1,38.7142857142857,63.5,90,71.8,62.8
"386","42003564200","Census Tract 5642, Allegheny County, Pennsylvania",98,99,95,96,93,86,0,23,64,21,42,17,10,85,60,77,8,77,38,64,92,71,100,100,80,3,73,74,98.5,42.5,57.5,100,93.7,25.2857142857143,61.8,81.5,66,61.4
"387","42003564400","Census Tract 5644, Allegheny County, Pennsylvania",95,86,86,78,89,98,53,28,57,18,42,18,5,81,56,72,37,52,56,21,89,76,100,89,72,4,75,76,90.5,54.5,54,94.5,88.3,31.5714285714286,53.3,82.5,64.3,59.6
"388","42003564500","Census Tract 5645, Allegheny County, Pennsylvania",96,86,92,89,94,86,0,13,62,17,78,20,4,79,58,87,36,43,81,49,91,79,100,95,79,6,87,85,91,61.5,62,97.5,90.4,27.7142857142857,61.9,85,70.9,60.6
"389","42003980000","Census Tract 9800, Allegheny County, Pennsylvania",,,,100,,,,,,,,,,,,,,,,,,,,,,,,,,,,,,,,,,0
"390","42003980100","Census Tract 9801, Allegheny County, Pennsylvania",0,,100,99,100,100,,0,85,0,0,65,19,100,85,100,,,,100,100,41,100,100,100,0,71,41,,,,100,,,,70.5,62.4,57
"391","42003980300","Census Tract 9803, Allegheny County, Pennsylvania",,,,100,,,,,,,,,,,,,,,,,,,,,,,,,,,,,,,,,,0
"392","42003980400","Census Tract 9804, Allegheny County, Pennsylvania",,,,100,,,,,,,,,,,,,,,,,,,,,,,,,,,,,,,,,,0
"393","42003980500","Census Tract 9805, Allegheny County, Pennsylvania",100,,100,100,100,,,81,100,0,0,0,76,100,53,19,,,,0,100,50,100,100,,0,37,100,,,,100,,,,75,,34.4
"394","42003980600","Census Tract 9806, Allegheny County, Pennsylvania",,,100,100,100,,,0,0,0,0,0,0,,0,100,,,,,,0,100,100,,,100,100,,,,100,,,,,,20
"395","42003980700","Census Tract 9807, Allegheny County, Pennsylvania",,,100,100,100,,,0,100,0,0,0,100,100,100,100,,,,0,100,100,100,100,100,100,100,0,,,,100,,,,100,80,60
"396","42003980800","Census Tract 9808, Allegheny County, Pennsylvania",,,,100,,,,,,,,,,,,,,,,,,,,,,,,,,,,,,,,,,0
"397","42003980900","Census Tract 9809, Allegheny County, Pennsylvania",,,,100,100,,,79,45,19,14,0,0,,0,21,21,,3,,,,,,,,,,,21,,,,,,,,8.4
"398","42003981000","Census Tract 9810, Allegheny County, Pennsylvania",,,,100,,,,,,,,,,,,,,,,,,,,,,,,,,,,,,,,,,0
"399","42003981100","Census Tract 9811, Allegheny County, Pennsylvania",,,100,100,100,,,0,100,100,0,0,0,100,100,100,,,,,0,100,100,100,100,0,100,0,,,,100,,,,50,60,60
"400","42003981200","Census Tract 9812, Allegheny County, Pennsylvania",,,,100,,,,,,,,,,,,,,,,,,,,,,,,,,,,,,,,,,0
"401","42003981800","Census Tract 9818, Allegheny County, Pennsylvania",,,100,100,100,100,,0,67,33,0,33,0,80,46,100,11,50,93,0,99,33,100,100,0,,16,33,,55.5,71.5,100,,,50.6,66,,57.4
"402","42003982200","Census Tract 9822, Allegheny County, Pennsylvania",100,,100,100,100,100,,0,100,0,0,100,0,46,26,100,0,29,100,0,97,32,100,100,0,0,0,21,,50,64.5,100,,,37.3,64.5,24.2,40.2
